term,status,targets,candidateTargets,sources,note
3D,approved,workType:three_d,,localogue-community-data|metatube-356-20240608|metatube-jp-zh-20250329|metatube-reference,Community genre_000285 (production) 精确名称。
3P,approved,genre:threesome,,localogue-community-data,Community genre_000230 (act) 精确名称。
3P、4P,approved,genre:group_sex,,metatube-356-20240608|metatube-jp-zh-20250329|metatube-reference,
4K UHD,approved,sourceOnly:media_4k_uhd,,localogue-community-data|localogue-vocabulary,Community genre_000317 (media) 精确名称。
4K超高清,approved,sourceOnly:media_4k_uhd,,localogue-community-data|localogue-vocabulary,Community genre_000317 (media) 精确名称。
4小时以上,approved,workType:over_four_hours,,localogue-community-data,Community genre_000304 (production) 精确名称。
4時間以上,approved,workType:over_four_hours,,localogue-community-data,Community genre_000304 (production) 精确名称。
4時間以上作品,approved,workType:over_four_hours,,fanza,FANZA 2026-03-20 provider snapshot exact routing.
69,approved,genre:sixty_nine,,localogue-community-data,Community genre_000216 (act) 精确名称。
69式,approved,genre:sixty_nine,,localogue-community-data,Community genre_000216 (act) 精确名称。
Actress,approved,genre:actress,,localogue-community-data,Community genre_000074 (role) 精确名称。
Adaptation,approved,workType:adaptation,,localogue-community-data,Community genre_000278 (production) 精确名称。
Adult,approved,sourceOnly:generic_adult,,localogue-vocabulary,
Adult Animation,approved,workType:adult_animation,,localogue-community-data,Community genre_000274 (production) 精确名称。
Adult Live Action,approved,workType:adult_live_action,,localogue-community-data,Community genre_000273 (production) 精确名称。
Adults Only,approved,sourceOnly:rating_adults_only,,localogue-community-data|localogue-vocabulary,Community genre_000323 (rating) 精确名称。
Amateur,approved,genre:amateur,,localogue-community-data,Community genre_000004 (theme) 精确名称。
Amateur Role,approved,genre:amateur,,localogue-community-data,Community genre_000118 (role) 精确名称。
Anal,approved,genre:anal,,legacy-localogue,V1-24 以前的 Localogue Canonical 显示词，保留为稳定别名。
Anal Sex,approved,genre:anal,,localogue-community-data,Community genre_000217 (act) 精确名称。 Community/扩展词表名称；Localogue 保留既有 Canonical 显示词。
Anime Cosplay,approved,genre:anime_cosplay,,localogue-community-data,Community genre_000159 (wardrobe) 精确名称。
Anniversary,approved,sourceOnly:lifecycle_anniversary,,localogue-vocabulary,
Anniversary Work,approved,sourceOnly:lifecycle_anniversary,,localogue-community-data|localogue-vocabulary,Community genre_000009 (theme) 精确名称。
Aphrodisiac Theme,approved,genre:aphrodisiac_theme,,localogue-community-data,Community genre_000261 (practice) 精确名称。
Apron,approved,genre:apron,,localogue-community-data,Community genre_000148 (wardrobe) 精确名称。
Asia,approved,sourceOnly:region_asia,,localogue-vocabulary,
Asian Performer,approved,genre:asian_performer,,localogue-community-data,Community genre_000130 (role) 精确名称。
Baby-faced,approved,genre:baby_faced,,localogue-community-data,Community genre_000115 (role) 精确名称。 Community genre_000201 (body) 精确名称。
Babydoll,approved,genre:babydoll,,localogue-community-data,Community genre_000145 (wardrobe) 精确名称。
Bath,approved,genre:bath,,localogue-community-data,Community genre_000253 (practice) 精确名称。
BDSM,approved,genre:sm,,localogue-community-data,Community genre_000243 (practice) 精确名称。 Community/扩展词表名称；Localogue 保留既有 Canonical 显示词。
Beautiful Breasts,approved,genre:beautiful_breasts,,localogue-community-data,Community genre_000186 (body) 精确名称。
Beautiful Butt,approved,genre:beautiful_butt,,localogue-community-data,Community genre_000188 (body) 精确名称。
Beautiful Girl,approved,genre:beautiful_girl,,localogue-community-data,Community genre_000001 (theme) 精确名称。
Beautiful Legs,approved,genre:beautiful_legs,,localogue-community-data,Community genre_000197 (body) 精确名称。
Beauty Salon,approved,genre:beauty_salon,,localogue-community-data,Community genre_000029 (theme) 精确名称。
Beauty Treatment,approved,genre:beauty_treatment,,localogue-community-data,Community genre_000030 (theme) 精确名称。
Best Of,approved,workType:best_of,,legacy-localogue,V1-24 以前的 Work Type 显示词，保留为稳定别名。
Best-of Compilation,approved,workType:best_of,,localogue-community-data,Community genre_000280 (production) 精确名称。 Community/扩展词表名称；Localogue 保留既有 Work Type 显示词。
Big Bust,approved,genre:big_bust,,localogue-community-data,Community genre_000181 (body) 精确名称。
Big Butt,approved,genre:big_butt,,localogue-community-data,Community genre_000187 (body) 精确名称。
Bikini,approved,genre:bikini,,localogue-community-data,Community genre_000140 (wardrobe) 精确名称。
Bisexual,approved,genre:bisexual,,localogue-community-data,Community genre_000270 (practice) 精确名称。
Black Performer,approved,genre:black_performer,,localogue-community-data,Community genre_000131 (role) 精确名称。
Bloomers,approved,genre:bloomers,,localogue-community-data,Community genre_000137 (wardrobe) 精确名称。
Blowjob,approved,genre:blowjob,,legacy-localogue,V1-24 以前的 Localogue Canonical 显示词，保留为稳定别名。
Blu-ray,approved,sourceOnly:media_blu_ray,,localogue-community-data|localogue-vocabulary,Community genre_000309 (media) 精确名称。
Blu-ray（ブルーレイ）,approved,sourceOnly:media_blu_ray,,localogue-vocabulary|metatube-356-20240608|metatube-jp-zh-20250329|metatube-reference,
Body Swap,approved,genre:body_swap,,localogue-community-data,Community genre_000036 (theme) 精确名称。
Body Type Section,approved,sourceOnly:taxonomy_section_body,,localogue-vocabulary,
Bodysuit,approved,genre:bodysuit,,localogue-community-data,Community genre_000175 (wardrobe) 精确名称。
Bondage,approved,genre:bondage,,legacy-localogue,V1-24 以前的 Localogue Canonical 显示词，保留为稳定别名。
Bondage Wear,approved,genre:bondage_wear,,localogue-community-data,Community genre_000177 (wardrobe) 精确名称。
Boots,approved,genre:boots,,localogue-community-data,Community genre_000170 (wardrobe) 精确名称。
Bra,approved,genre:bra,,localogue-community-data,Community genre_000143 (wardrobe) 精确名称。
Breast Fetish,approved,genre:breast_fetish,,localogue-community-data,Community genre_000062 (theme) 精确名称。
Breast Fondling,approved,genre:breast_fondling,,localogue-community-data,Community genre_000238 (act) 精确名称。
Bride,approved,genre:bride,,localogue-community-data,Community genre_000102 (role) 精确名称。
Bubble Bath,approved,genre:bubble_bath,,localogue-community-data,Community genre_000254 (practice) 精确名称。
Bukkake,approved,genre:bukkake,,localogue-community-data,Community genre_000222 (act) 精确名称。
Bullet Vibrator,approved,genre:bullet_vibrator,,localogue-community-data,Community genre_000259 (practice) 精确名称。
Bunny Girl,approved,genre:bunny_girl,,localogue-community-data,Community genre_000160 (wardrobe) 精确名称。
Butt Fetish,approved,genre:butt_fetish,,localogue-community-data,Community genre_000063 (theme) 精确名称。
Car Sex,approved,genre:car_sex,,localogue-community-data,Community genre_000252 (practice) 精确名称。
Cat Ears,approved,genre:cat_ears,,localogue-community-data,Community genre_000161 (wardrobe) 精确名称。
Celebrity,approved,genre:celebrity,,localogue-community-data,Community genre_000072 (role) 精确名称。
Censored,approved,workType:censored,,localogue-community-data,Community genre_000299 (production) 精确名称。
Character Section,approved,sourceOnly:taxonomy_section_role,,localogue-vocabulary,
Cheating,approved,genre:cheating,,localogue-community-data,Community genre_000049 (theme) 精确名称。
Cheongsam,approved,genre:cheongsam,,localogue-community-data,Community genre_000156 (wardrobe) 精确名称。
Childhood Friend,approved,genre:childhood_friend,,localogue-community-data,Community genre_000112 (role) 精确名称。
Childhood Friends,approved,genre:childhood_friend,,localogue-community-data,Community genre_000043 (theme) 精确名称。
Chroma Key,approved,sourceOnly:technical_chroma_key,,localogue-vocabulary,
Chubby,approved,genre:chubby,,localogue-community-data,Community genre_000190 (body) 精确名称。
Close-up,approved,sourceOnly:technical_close_up,,localogue-vocabulary,
Clothed,approved,genre:clothed,,localogue-community-data,Community genre_000179 (wardrobe) 精确名称。
Co-starring,approved,workType:co_starring,,legacy-localogue|localogue-community-data,V1-24 以前的 Work Type 显示词，保留为稳定别名。 Community genre_000013 (theme) 精确名称。
Co-starring Work,approved,workType:co_starring,,localogue-community-data,Community genre_000283 (production) 精确名称。 Community/扩展词表名称；Localogue 保留既有 Work Type 显示词。
Comeback Work,approved,sourceOnly:lifecycle_comeback,,localogue-community-data|localogue-vocabulary,Community genre_000008 (theme) 精确名称。
Comedy,approved,genre:comedy,,localogue-community-data,Community genre_000018 (theme) 精确名称。
Competition Swimsuit,approved,genre:competition_swimsuit,,localogue-community-data,Community genre_000141 (wardrobe) 精确名称。
Compilation,approved,workType:compilation,,localogue-community-data,Community genre_000279 (production) 精确名称。
Concept Work,approved,workType:concept_work,,localogue-community-data,Community genre_000012 (theme) 精确名称。
Cosplay,approved,genre:cosplay,,localogue-community-data,Community genre_000158 (wardrobe) 精确名称。
Costume Section,approved,sourceOnly:taxonomy_section_wardrobe,,localogue-vocabulary,
Couple,approved,genre:couple,,localogue-community-data,Community genre_000041 (theme) 精确名称。
Cowgirl,approved,genre:cowgirl,,localogue-community-data,Community genre_000212 (act) 精确名称。
Creampie,approved,genre:creampie,,localogue-community-data,Community genre_000218 (act) 精确名称。
Cross-dressing,approved,genre:cross_dressing,,localogue-community-data,Community genre_000178 (wardrobe) 精确名称。
Culture,approved,sourceOnly:generic_culture,,localogue-vocabulary,
Cum Swallowing,approved,genre:cum_swallowing,,legacy-localogue,V1-24 以前的 Localogue Canonical 显示词，保留为稳定别名。
Cunnilingus,approved,genre:cunnilingus,,localogue-community-data,Community genre_000207 (act) 精确名称。
Dance,approved,genre:dance,,localogue-community-data,Community genre_000033 (theme) 精确名称。
Dating Reality,approved,genre:dating_reality,,localogue-community-data,Community genre_000068 (theme) 精确名称。
Daughter,approved,genre:daughter,,localogue-community-data,Community genre_000109 (role) 精确名称。
Debut,approved,sourceOnly:lifecycle_debut,,localogue-vocabulary,
Debut Work,approved,sourceOnly:lifecycle_debut,,localogue-community-data|localogue-vocabulary,Community genre_000006 (theme) 精确名称。
Deep Kissing,approved,genre:deep_kissing,,localogue-community-data,Community genre_000204 (act) 精确名称。
Deep Throat,approved,genre:deep_throat,,localogue-community-data,Community genre_000206 (act) 精确名称。
Digital Distribution,approved,sourceOnly:media_digital_distribution,,localogue-community-data|localogue-vocabulary,Community genre_000314 (media) 精确名称。
Dildo,approved,genre:dildo,,localogue-community-data,Community genre_000258 (practice) 精确名称。
Dirty Talk,approved,genre:dirty_talk,,localogue-community-data,Community genre_000240 (act) 精确名称。
Documentary,approved,genre:documentary,,localogue-community-data,Community genre_000015 (theme) 精确名称。
Documentary Production,approved,workType:documentary_production,,localogue-community-data,Community genre_000288 (production) 精确名称。
Dominatrix,approved,genre:dominatrix,,localogue-community-data,Community genre_000123 (role) 精确名称。
Dominatrix Play,approved,genre:dominatrix,,localogue-community-data,Community genre_000248 (practice) 精确名称。
Doujin Work,approved,workType:doujin_work,,localogue-community-data,Community genre_000297 (production) 精确名称。
Download,approved,sourceOnly:media_download,,localogue-community-data|localogue-vocabulary,Community genre_000316 (media) 精确名称。
Drama,approved,genre:drama,,localogue-community-data,Community genre_000014 (theme) 精确名称。
Drama Production,approved,workType:drama_production,,localogue-community-data,Community genre_000287 (production) 精确名称。
Drug-related,approved,sourceOnly:content_drug,,localogue-vocabulary,
DVD,approved,sourceOnly:media_dvd,,localogue-community-data|localogue-vocabulary,Community genre_000308 (media) 精确名称。
Esthetician,approved,genre:esthetician,,localogue-community-data,Community genre_000096 (role) 精确名称。
Exhibitionism,approved,genre:exhibitionism,,localogue-community-data,Community genre_000250 (practice) 精确名称。
Extremely Large Bust,approved,genre:extremely_large_bust,,localogue-community-data,Community genre_000183 (body) 精确名称。
Facial,approved,genre:facial,,localogue-community-data,Community genre_000219 (act) 精确名称。
Fair-skinned,approved,genre:fair_skinned,,localogue-community-data,Community genre_000196 (body) 精确名称。
Family,approved,genre:family,,localogue-community-data,Community genre_000044 (theme) 精确名称。
Fan Appreciation,approved,genre:fan_appreciation,,localogue-community-data,Community genre_000010 (theme) 精确名称。
Fantasy,approved,genre:fantasy,,localogue-community-data,Community genre_000022 (theme) 精确名称。
Feature-length,approved,workType:feature_length,,localogue-community-data,Community genre_000306 (production) 精确名称。
Featured Work,approved,sourceOnly:marketing_topic_work,,localogue-vocabulary,
Fellatio,approved,genre:blowjob,,localogue-community-data,Community genre_000205 (act) 精确名称。 Community/扩展词表名称；Localogue 保留既有 Canonical 显示词。
Female Announcer,approved,genre:female_announcer,,localogue-community-data,Community genre_000073 (role) 精确名称。
Female College Student,approved,genre:female_college_student,,localogue-community-data,Community genre_000078 (role) 精确名称。
Female Doctor,approved,genre:female_doctor,,localogue-community-data,Community genre_000090 (role) 精确名称。
Female High School Student,approved,genre:female_high_school_student,,localogue-community-data,Community genre_000079 (role) 精确名称。
Female Prosecutor,approved,genre:female_prosecutor,,localogue-community-data,Community genre_000091 (role) 精确名称。
Female Teacher,approved,genre:female_teacher,,localogue-community-data,Community genre_000081 (role) 精确名称。
Female Warrior,approved,genre:female_warrior,,localogue-community-data,Community genre_000119 (role) 精确名称。
Femdom,approved,genre:femdom,,localogue-community-data,Community genre_000272 (practice) 精确名称。
Feminine Boy,approved,genre:feminine_boy,,localogue-community-data,Community genre_000125 (role) 精确名称。
Feminization,approved,genre:feminization,,localogue-community-data,Community genre_000040 (theme) 精确名称。
Fetish,approved,genre:fetish,,localogue-community-data,Community genre_000059 (theme) 精确名称。
Fingering,approved,genre:fingering,,localogue-community-data,Community genre_000227 (act) 精确名称。
First Shoot,approved,sourceOnly:lifecycle_first_shoot,,localogue-community-data|localogue-vocabulary,Community genre_000005 (theme) 精确名称。
Fisting,approved,genre:fisting,,localogue-community-data,Community genre_000228 (act) 精确名称。
Flight Attendant,approved,genre:flight_attendant,,localogue-community-data,Community genre_000093 (role) 精确名称。
Foot Fetish,approved,genre:foot_fetish,,localogue-community-data,Community genre_000061 (theme) 精确名称。
Footjob,approved,genre:footjob,,localogue-community-data,Community genre_000209 (act) 精确名称。
For Men,approved,workType:for_men,,localogue-community-data,Community genre_000296 (production) 精确名称。
For Women,approved,workType:for_women,,localogue-community-data,Community genre_000295 (production) 精确名称。
Foreign Performer,approved,genre:foreign_performer,,localogue-community-data,Community genre_000129 (role) 精确名称。
France,approved,sourceOnly:region_france,,localogue-vocabulary,
Friends,approved,genre:friends,,localogue-community-data,Community genre_000042 (theme) 精确名称。
Full HD,approved,sourceOnly:media_full_hd,,localogue-community-data|localogue-vocabulary,Community genre_000318 (media) 精确名称。
Full HD (FHD),approved,sourceOnly:media_full_hd,,localogue-vocabulary,
Full Nudity,approved,genre:full_nudity,,localogue-community-data,Community genre_000067 (theme) 精确名称。
Gay,approved,genre:gay,,localogue-community-data,Community genre_000269 (practice) 精确名称。
Genre Section,approved,sourceOnly:taxonomy_section_genre,,localogue-vocabulary,
Glasses,approved,genre:glasses,,localogue-community-data,Community genre_000172 (wardrobe) 精确名称。
Gokkun,approved,genre:cum_swallowing,,localogue-community-data,Community genre_000223 (act) 精确名称。 Community/扩展词表名称；Localogue 保留既有 Canonical 显示词。
Gothic Lolita,approved,genre:gothic_lolita,,localogue-community-data,Community genre_000162 (wardrobe) 精确名称。
Gravure Idol,approved,genre:gravure_idol,,localogue-community-data,Community genre_000076 (role) 精确名称。
Groping Production,approved,genre:groping_production,,localogue-community-data,Community genre_000267 (practice) 精确名称。
Groping Theme,approved,genre:groping_theme,,localogue-community-data,Community genre_000053 (theme) 精确名称。
Group Sex,approved,genre:group_sex,,localogue-community-data,Community genre_000229 (act) 精确名称。
Gyaru,approved,genre:gyaru,,localogue-community-data,Community genre_000113 (role) 精确名称。
Gym Clothes,approved,genre:gym_clothes,,localogue-community-data,Community genre_000136 (wardrobe) 精确名称。
Hairdresser,approved,genre:hairdresser,,localogue-community-data,Community genre_000095 (role) 精确名称。
Hairless,approved,genre:hairless,,localogue-community-data,Community genre_000199 (body) 精确名称。
Hairy,approved,genre:hairy,,localogue-community-data,Community genre_000200 (body) 精确名称。
Handjob,approved,genre:handjob,,localogue-community-data,Community genre_000208 (act) 精确名称。
Hat,approved,genre:hat,,localogue-community-data,Community genre_000173 (wardrobe) 精确名称。
HD,approved,sourceOnly:media_hd,,localogue-community-data|localogue-vocabulary,Community genre_000319 (media) 精确名称。
HD DVD,approved,sourceOnly:media_hd_dvd,,localogue-community-data|localogue-vocabulary,Community genre_000310 (media) 精确名称。
Heavy Squirting,approved,genre:heavy_squirting,,localogue-community-data,Community genre_000226 (act) 精确名称。
Heiress,approved,genre:heiress,,localogue-community-data,Community genre_000111 (role) 精确名称。
Hi-Def,approved,sourceOnly:media_hd,,localogue-vocabulary,
Hidden-camera Style,approved,genre:hidden_camera_style,,localogue-community-data,Community genre_000264 (practice) 精确名称。
Hidden Camera Theme,approved,genre:hidden_camera,,localogue-community-data,Community genre_000054 (theme) 精确名称。
High Definition,approved,sourceOnly:media_hd,,localogue-vocabulary,
High Heels,approved,genre:high_heels,,localogue-community-data,Community genre_000171 (wardrobe) 精确名称。
Horror,approved,genre:horror,,localogue-community-data,Community genre_000020 (theme) 精确名称。
Hospital Setting,approved,genre:hospital_setting,,localogue-community-data,Community genre_000031 (theme) 精确名称。
Hostess,approved,genre:hostess,,localogue-community-data,Community genre_000098 (role) 精确名称。
Hot Spring,approved,genre:hot_spring,,localogue-community-data,Community genre_000026 (theme) 精确名称。
Hot Spring Play,approved,genre:hot_spring_play,,localogue-community-data,Community genre_000255 (practice) 精确名称。
How To,approved,workType:instructional,,localogue-community-data|metatube-356-20240608|metatube-jp-zh-20250329|metatube-reference,Community genre_000290 (production) 精确名称。
Humiliation,approved,genre:humiliation,,localogue-community-data,Community genre_000057 (theme) 精确名称。
Humiliation Play,approved,genre:humiliation_play,,localogue-community-data,Community genre_000249 (practice) 精确名称。
Hypnosis,approved,genre:hypnosis,,localogue-community-data,Community genre_000037 (theme) 精确名称。
Hypnosis Play,approved,genre:hypnosis_play,,localogue-community-data,Community genre_000263 (practice) 精确名称。
Idol,approved,genre:idol,,localogue-community-data,Community genre_000071 (role) 精确名称。
Image Video,approved,workType:image_video,,localogue-community-data,Community genre_000275 (production) 精确名称。
Imported Work,approved,workType:imported_work,,localogue-community-data,Community genre_000294 (production) 精确名称。
Incest Theme,approved,genre:incest_theme,,localogue-community-data,Community genre_000045 (theme) 精确名称。
Independent Production,approved,workType:independent_production,,localogue-community-data,Community genre_000292 (production) 精确名称。
Infidelity,approved,genre:infidelity,,localogue-community-data,Community genre_000046 (theme) 精确名称。
Inn Proprietress,approved,genre:inn_proprietress,,localogue-community-data,Community genre_000097 (role) 精确名称。
Innocent Type,approved,genre:innocent_type,,localogue-community-data,Community genre_000114 (role) 精确名称。
Instructional,approved,workType:instructional,,localogue-community-data,Community genre_000290 (production) 精确名称。
Instructor,approved,genre:instructor,,localogue-community-data,Community genre_000083 (role) 精确名称。
Intercrural Sex,approved,genre:intercrural_sex,,localogue-community-data,Community genre_000211 (act) 精确名称。
Interview,approved,workType:interview,,localogue-community-data,Community genre_000289 (production) 精确名称。
Invisible Person,approved,genre:invisible_person,,localogue-community-data,Community genre_000035 (theme) 精确名称。
Kimono,approved,genre:kimono,,localogue-community-data,Community genre_000153 (wardrobe) 精确名称。
Kinbaku,approved,genre:kinbaku,,localogue-community-data,Community genre_000244 (practice) 精确名称。
Kissing,approved,genre:kissing,,localogue-community-data,Community genre_000203 (act) 精确名称。
Korea,approved,sourceOnly:region_korea,,localogue-vocabulary,
Kunoichi,approved,genre:kunoichi,,localogue-community-data,Community genre_000120 (role) 精确名称。
Leg Fetish,approved,genre:leg_fetish,,localogue-community-data,Community genre_000060 (theme) 精确名称。
Leotard,approved,genre:leotard,,localogue-community-data,Community genre_000176 (wardrobe) 精确名称。
Lesbian,approved,genre:lesbian,,localogue-community-data,Community genre_000268 (practice) 精确名称。
Light Mosaic,approved,workType:light_mosaic,,localogue-community-data,Community genre_000300 (production) 精确名称。
Lingerie,approved,genre:lingerie,,localogue-community-data,Community genre_000142 (wardrobe) 精确名称。
Loli-style,approved,sourceOnly:age_coded_loli_style,,localogue-vocabulary,
Loose Socks,approved,genre:loose_socks,,localogue-community-data,Community genre_000169 (wardrobe) 精确名称。
Lotion Play,approved,genre:lotion_play,,localogue-community-data,Community genre_000234 (act) 精确名称。
Maid,approved,genre:maid,,localogue-community-data,Community genre_000099 (role) 精确名称。
Maid Outfit,approved,genre:maid_outfit,,localogue-community-data,Community genre_000149 (wardrobe) 精确名称。
Male Performer,approved,genre:male_performer,,localogue-community-data,Community genre_000127 (role) 精确名称。
Male Squirting,approved,genre:male_squirting,,localogue-community-data,Community genre_000242 (act) 精确名称。
Married Woman,approved,genre:married_woman,,localogue-community-data,Community genre_000002 (theme) 精确名称。
Married Woman Role,approved,genre:married_woman,,localogue-community-data,Community genre_000117 (role) 精确名称。
Martial Artist,approved,genre:martial_artist,,localogue-community-data,Community genre_000121 (role) 精确名称。
Mask,approved,genre:mask,,localogue-community-data,Community genre_000174 (wardrobe) 精确名称。
Massage,approved,genre:massage,,localogue-community-data,Community genre_000235 (act) 精确名称。
Masturbation,approved,genre:masturbation,,localogue-community-data,Community genre_000232 (act) 精确名称。
Mature,approved,genre:mature,,legacy-localogue,V1-24 以前的 Localogue Canonical 显示词，保留为稳定别名。
Mature Figure,approved,genre:mature_figure,,localogue-community-data,Community genre_000202 (body) 精确名称。
Mature Woman,approved,genre:mature,,localogue-community-data,Community genre_000003 (theme) 精确名称。 Community/扩展词表名称；Localogue 保留既有 Canonical 显示词。
Mature Woman Role,approved,genre:mature,,localogue-community-data,Community genre_000116 (role) 精确名称。
Media Section,approved,sourceOnly:taxonomy_section_media,,localogue-vocabulary,
MGS Exclusive Bonus Video,approved,sourceOnly:provider_mgs_bonus,,localogue-vocabulary,
MGSだけのおまけ映像付き,approved,sourceOnly:provider_mgs_bonus,,localogue-vocabulary|metatube-356-20240608|metatube-reference,
Micro Miniskirt,approved,genre:micro_miniskirt,,localogue-community-data,Community genre_000164 (wardrobe) 精确名称。
microSD,approved,sourceOnly:media_microsd,,localogue-community-data|localogue-vocabulary|metatube-356-20240608|metatube-jp-zh-20250329|metatube-reference,Community genre_000313 (media) 精确名称。
MicroSD卡,approved,sourceOnly:media_microsd,,localogue-community-data|localogue-vocabulary,Community genre_000313 (media) 精确名称。
Mind Control,approved,genre:mind_control,,localogue-community-data,Community genre_000038 (theme) 精确名称。
Miniskirt,approved,genre:miniskirt,,localogue-community-data,Community genre_000163 (wardrobe) 精确名称。
Missionary,approved,genre:missionary,,localogue-community-data,Community genre_000213 (act) 精确名称。
Mixed-gender,approved,genre:mixed_gender,,localogue-community-data,Community genre_000271 (practice) 精确名称。
Model,approved,genre:model,,localogue-community-data,Community genre_000075 (role) 精确名称。
Mother,approved,genre:mother,,localogue-community-data,Community genre_000105 (role) 精确名称。
Mourning Dress,approved,genre:mourning_dress,,localogue-community-data,Community genre_000155 (wardrobe) 精确名称。
Multilingual Subtitles,approved,workType:multilingual_subtitles,,localogue-community-data,Community genre_000302 (production) 精确名称。
Muscular,approved,genre:muscular,,localogue-community-data,Community genre_000194 (body) 精确名称。
Mutual Masturbation,approved,genre:mutual_masturbation,,localogue-community-data,Community genre_000233 (act) 精确名称。
Negligee,approved,genre:negligee,,localogue-community-data,Community genre_000146 (wardrobe) 精确名称。
Netorare,approved,genre:netorare,,localogue-community-data,Community genre_000047 (theme) 精确名称。
Netori,approved,genre:netori,,localogue-community-data,Community genre_000048 (theme) 精确名称。
Nipple Stimulation,approved,genre:nipple_stimulation,,localogue-community-data,Community genre_000237 (act) 精确名称。
Normal,approved,sourceOnly:generic_normal,,localogue-vocabulary,
Nude Apron,approved,genre:nude_apron,,localogue-community-data,Community genre_000147 (wardrobe) 精确名称。
Nun,approved,genre:nun,,localogue-community-data,Community genre_000101 (role) 精确名称。
Nurse,approved,genre:nurse,,localogue-community-data,Community genre_000089 (role) 精确名称。
Nurse Outfit,approved,genre:nurse_outfit,,localogue-community-data,Community genre_000150 (wardrobe) 精确名称。
Object Insertion,approved,genre:object_insertion,,localogue-community-data,Community genre_000260 (practice) 精确名称。
Office Lady,approved,genre:office_lady,,localogue-community-data,Community genre_000084 (role) 精确名称。
Office Wear,approved,genre:office_wear,,localogue-community-data,Community genre_000151 (wardrobe) 精确名称。
Oil Play,approved,genre:oil_play,,localogue-community-data,Community genre_000236 (act) 精确名称。
OL,approved,genre:office_lady,,localogue-community-data,Community genre_000084 (role) 精确名称。
OL / 职场女性,approved,genre:office_lady,,legacy-localogue,V1-24 以前的 Localogue Canonical 显示词，保留为稳定别名。
Older Man,approved,genre:older_man,,localogue-community-data,Community genre_000128 (role) 精确名称。
Older Sister,approved,genre:older_sister,,localogue-community-data,Community genre_000107 (role) 精确名称。
OL服,approved,genre:office_wear,,localogue-community-data,Community genre_000151 (wardrobe) 精确名称。
OL装,approved,genre:office_wear,,localogue-community-data,Community genre_000151 (wardrobe) 精确名称。
Omnibus,approved,workType:omnibus,,localogue-community-data,Community genre_000281 (production) 精确名称。
Oral Ejaculation,approved,genre:oral_ejaculation,,localogue-community-data,Community genre_000220 (act) 精确名称。
Orgy,approved,genre:orgy,,localogue-community-data,Community genre_000231 (act) 精确名称。
Original Work,approved,workType:original_work,,localogue-community-data,Community genre_000277 (production) 精确名称。
Outdoor,approved,genre:outdoor,,localogue-community-data,Community genre_000251 (practice) 精确名称。
Over Four Hours,approved,workType:over_four_hours,,localogue-community-data,Community genre_000304 (production) 精确名称。
Overseas Production,approved,workType:overseas_production,,localogue-community-data,Community genre_000293 (production) 精确名称。
Paizuri,approved,genre:titjob,,localogue-community-data,Community genre_000210 (act) 精确名称。 Community/扩展词表名称；Localogue 保留既有 Canonical 显示词。
Panties,approved,genre:panties,,localogue-community-data,Community genre_000144 (wardrobe) 精确名称。
Pantyhose,approved,genre:pantyhose,,localogue-community-data,Community genre_000167 (wardrobe) 精确名称。
Parody,approved,genre:parody,,localogue-community-data,Community genre_000023 (theme) 精确名称。
Partially Nude,approved,genre:partially_nude,,localogue-community-data,Community genre_000180 (wardrobe) 精确名称。
Pencil Skirt,approved,genre:pencil_skirt,,localogue-community-data,Community genre_000165 (wardrobe) 精确名称。
Period Drama,approved,genre:period_drama,,localogue-community-data,Community genre_000024 (theme) 精确名称。
Petite,approved,genre:petite,,localogue-community-data,Community genre_000193 (body) 精确名称。
Petite Bust,approved,genre:petite_bust,,localogue-community-data,Community genre_000185 (body) 精确名称。
Pickup,approved,genre:pickup,,localogue-community-data,Community genre_000052 (theme) 精确名称。
Pickup Production,approved,genre:pickup_production,,localogue-community-data,Community genre_000266 (practice) 精确名称。
Pink Film,approved,workType:pink_film,,localogue-community-data,Community genre_000276 (production) 精确名称。
Plus-size,approved,genre:plus_size,,localogue-community-data,Community genre_000191 (body) 精确名称。
Point of View,approved,genre:pov,,localogue-community-data,Community genre_000069 (theme) 精确名称。 Community/扩展词表名称；Localogue 保留既有 Canonical 显示词。
Police Officer,approved,genre:police_officer,,localogue-community-data,Community genre_000092 (role) 精确名称。
POV,approved,genre:pov,,legacy-localogue,V1-24 以前的 Localogue Canonical 显示词，保留为稳定别名。
POV Recording,approved,genre:pov_recording,,localogue-community-data,Community genre_000070 (theme) 精确名称。
POV Sex,approved,genre:pov_recording,,localogue-community-data,Community genre_000265 (practice) 精确名称。
POV Video,approved,workType:pov_video,,localogue-community-data,Community genre_000286 (production) 精确名称。
Prank,approved,genre:prank,,localogue-community-data,Community genre_000058 (theme) 精确名称。
Pregnant,approved,genre:pregnant,,localogue-community-data,Community genre_000198 (body) 精确名称。
Princess,approved,genre:princess,,localogue-community-data,Community genre_000122 (role) 精确名称。
Private Tutor,approved,genre:private_tutor,,localogue-community-data,Community genre_000082 (role) 精确名称。
Public Exposure,approved,genre:public_exposure,,localogue-community-data,Community genre_000056 (theme) 精确名称。
R-15,approved,sourceOnly:rating_r15,,localogue-community-data|localogue-vocabulary,Community genre_000322 (rating) 精确名称。
R-18,approved,sourceOnly:rating_r18,,localogue-community-data|localogue-vocabulary,Community genre_000321 (rating) 精确名称。
Rear-entry,approved,genre:rear_entry,,localogue-community-data,Community genre_000214 (act) 精确名称。
Receptionist,approved,genre:receptionist,,localogue-community-data,Community genre_000086 (role) 精确名称。
Remastered,approved,workType:remastered,,localogue-community-data,Community genre_000303 (production) 精确名称。
Restraint,approved,genre:bondage,,localogue-community-data,Community genre_000245 (practice) 精确名称。 Community/扩展词表名称；Localogue 保留既有 Canonical 显示词。
Retirement Work,approved,sourceOnly:lifecycle_retirement,,localogue-community-data|localogue-vocabulary,Community genre_000007 (theme) 精确名称。
Reverse Pickup,approved,genre:reverse_pickup,,localogue-community-data,Community genre_000051 (theme) 精确名称。
Romance,approved,genre:romance,,localogue-community-data,Community genre_000016 (theme) 精确名称。
Romantic Comedy,approved,genre:romantic_comedy,,localogue-community-data,Community genre_000017 (theme) 精确名称。
S&M,approved,genre:sm,,legacy-localogue,V1-24 以前的 Localogue Canonical 显示词，保留为稳定别名。
Sailor Uniform,approved,genre:sailor_uniform,,localogue-community-data,Community genre_000134 (wardrobe) 精确名称。
Sample Video,approved,sourceOnly:provider_sample_video,,localogue-vocabulary,
Scent Fetish,approved,genre:scent_fetish,,localogue-community-data,Community genre_000064 (theme) 精确名称。
School Setting,approved,genre:school_setting,,localogue-community-data,Community genre_000027 (theme) 精确名称。
School Swimsuit,approved,genre:school_swimsuit,,localogue-community-data,Community genre_000138 (wardrobe) 精确名称。
School Uniform,approved,genre:school_uniform,,localogue-community-data,Community genre_000135 (wardrobe) 精确名称。
Science Fiction,approved,genre:science_fiction,,localogue-community-data,Community genre_000021 (theme) 精确名称。
SD,approved,sourceOnly:media_sd,,localogue-community-data|localogue-vocabulary,Community genre_000320 (media) 精确名称。
Secretary,approved,genre:secretary,,localogue-community-data,Community genre_000085 (role) 精确名称。
Seduction,approved,genre:seduction,,localogue-community-data,Community genre_000050 (theme) 精确名称。
Seductress,approved,genre:seductress,,localogue-community-data,Community genre_000241 (act) 精确名称。
Semen Swallowing,approved,genre:semen_swallowing,,localogue-community-data,Community genre_000221 (act) 精确名称。
Series Entry,approved,workType:series_entry,,localogue-community-data,Community genre_000307 (production) 精确名称。
Sex Acts Section,approved,sourceOnly:taxonomy_section_act,,localogue-vocabulary,
Sex Play Section,approved,sourceOnly:taxonomy_section_practice,,localogue-vocabulary,
Sex Toys,approved,genre:sex_toys,,localogue-community-data,Community genre_000256 (practice) 精确名称。
Sexy,approved,sourceOnly:generic_sexy,,localogue-vocabulary,
SF,approved,genre:science_fiction,,localogue-community-data,Community genre_000021 (theme) 精确名称。
Shop Clerk,approved,genre:shop_clerk,,localogue-community-data,Community genre_000087 (role) 精确名称。
Short Form,approved,workType:short_form,,localogue-community-data,Community genre_000305 (production) 精确名称。
Shotacon,approved,sourceOnly:age_coded_shotacon,,localogue-vocabulary,
Shrine Maiden,approved,genre:shrine_maiden,,localogue-community-data,Community genre_000100 (role) 精确名称。
Single-performer Work,approved,workType:solo,,localogue-community-data,Community genre_000282 (production) 精确名称。 Community/扩展词表名称；Localogue 保留既有 Work Type 显示词。
Sixty-nine,approved,genre:sixty_nine,,localogue-community-data,Community genre_000216 (act) 精确名称。
Slave Play,approved,genre:slave,,localogue-community-data,Community genre_000247 (practice) 精确名称。
Slave Role,approved,genre:slave,,localogue-community-data,Community genre_000124 (role) 精确名称。
Slender,approved,genre:slender,,localogue-community-data,Community genre_000189 (body) 精确名称。
SM,approved,genre:sm,,legacy-localogue|localogue-community-data|metatube-356-20240608|metatube-jp-zh-20250329,V1-24 以前的 Localogue Canonical 显示词，保留为稳定别名。 Community genre_000243 (practice) 精确名称。
Small Bust,approved,genre:small_bust,,localogue-community-data,Community genre_000184 (body) 精确名称。
Solo,approved,workType:solo,,legacy-localogue,V1-24 以前的 Work Type 显示词，保留为稳定别名。
Solo Performer Work,approved,workType:solo,,localogue-community-data,Community genre_000011 (theme) 精确名称。
Spanking,approved,genre:spanking,,localogue-community-data,Community genre_000239 (act) 精确名称。
Sports,approved,genre:sports,,localogue-community-data,Community genre_000032 (theme) 精确名称。
Squirting,approved,genre:squirting,,localogue-community-data,Community genre_000225 (act) 精确名称。
Standard Definition,approved,sourceOnly:media_sd,,localogue-community-data|localogue-vocabulary,Community genre_000320 (media) 精确名称。
Standing Rear-entry,approved,genre:standing_rear_entry,,localogue-community-data,Community genre_000215 (act) 精确名称。
Stepmother,approved,genre:stepmother,,localogue-community-data,Community genre_000106 (role) 精确名称。
Stockings,approved,genre:stockings,,localogue-community-data,Community genre_000166 (wardrobe) 精确名称。
Streaming,approved,sourceOnly:media_streaming,,localogue-community-data|localogue-vocabulary,Community genre_000315 (media) 精确名称。
Student,approved,genre:student,,localogue-community-data,Community genre_000077 (role) 精确名称。
Submitted Work,approved,workType:submitted_work,,localogue-community-data,Community genre_000291 (production) 精确名称。
Subtitled,approved,workType:subtitled,,localogue-community-data,Community genre_000301 (production) 精确名称。
Suit,approved,genre:suit,,localogue-community-data,Community genre_000152 (wardrobe) 精确名称。
Suspense,approved,genre:suspense,,localogue-community-data,Community genre_000019 (theme) 精确名称。
Sweat,approved,genre:sweat,,localogue-community-data,Community genre_000065 (theme) 精确名称。
Swimsuit,approved,genre:swimsuit,,localogue-community-data,Community genre_000139 (wardrobe) 精确名称。
Tall,approved,genre:tall,,localogue-community-data,Community genre_000192 (body) 精确名称。
Tanned,approved,genre:tanned,,localogue-community-data,Community genre_000066 (theme) 精确名称。 Community genre_000195 (body) 精确名称。
Teacher,approved,genre:teacher,,localogue-community-data,Community genre_000080 (role) 精确名称。
Tentacles,approved,genre:tentacles,,localogue-community-data,Community genre_000262 (practice) 精确名称。
Theme,approved,sourceOnly:taxonomy_section_theme,,localogue-vocabulary,
Thigh-high Socks,approved,genre:thigh_high_socks,,localogue-community-data,Community genre_000168 (wardrobe) 精确名称。
Threesome,approved,genre:threesome,,localogue-community-data,Community genre_000230 (act) 精确名称。
Time Stop,approved,genre:time_stop,,localogue-community-data,Community genre_000034 (theme) 精确名称。
Titjob,approved,genre:titjob,,legacy-localogue,V1-24 以前的 Localogue Canonical 显示词，保留为稳定别名。
Touch Typing,approved,sourceOnly:technical_touch_typing,,localogue-vocabulary,
Train Conductor,approved,genre:train_conductor,,localogue-community-data,Community genre_000094 (role) 精确名称。
Training,approved,genre:training,,localogue-community-data,Community genre_000246 (practice) 精确名称。
Transformation,approved,genre:transformation,,localogue-community-data,Community genre_000039 (theme) 精确名称。
Transgender Woman,approved,genre:transgender_woman,,localogue-community-data,Community genre_000126 (role) 精确名称。
Travel,approved,genre:travel,,localogue-community-data,Community genre_000025 (theme) 精确名称。
UMD,approved,sourceOnly:media_umd_video,,metatube-356-20240608|metatube-jp-zh-20250329|metatube-reference,
UMD Video,approved,sourceOnly:media_umd_video,,localogue-community-data|localogue-vocabulary,Community genre_000312 (media) 精确名称。
UMD视频,approved,sourceOnly:media_umd_video,,localogue-community-data|localogue-vocabulary,Community genre_000312 (media) 精确名称。
Uncensored,approved,workType:uncensored,,localogue-community-data,Community genre_000298 (production) 精确名称。
Uniform,approved,genre:uniform,,localogue-community-data,Community genre_000133 (wardrobe) 精确名称。
Urination,approved,genre:urination,,localogue-community-data,Community genre_000224 (act) 精确名称。
Various Professions,approved,sourceOnly:generic_professions,,localogue-vocabulary,
Very Large Bust,approved,genre:very_large_bust,,localogue-community-data,Community genre_000182 (body) 精确名称。
VHS,approved,sourceOnly:media_vhs,,localogue-community-data|localogue-vocabulary,Community genre_000311 (media) 精确名称。
VHS录像带,approved,sourceOnly:media_vhs,,localogue-community-data|localogue-vocabulary,Community genre_000311 (media) 精确名称。
Vibrator,approved,genre:vibrator,,localogue-community-data,Community genre_000257 (practice) 精确名称。
Voyeurism,approved,genre:voyeurism,,localogue-community-data,Community genre_000055 (theme) 精确名称。
VR,approved,workType:vr,,legacy-localogue|metatube-356-20240608|metatube-jp-zh-20250329|metatube-reference,V1-24 以前的 Work Type 显示词，保留为稳定别名。
VR-only,approved,workType:vr,,localogue-community-data,Community genre_000284 (production) 精确名称。 Community/扩展词表名称；Localogue 保留既有 Work Type 显示词。
VR专用,approved,workType:vr,,localogue-community-data,Community genre_000284 (production) 精确名称。 Community/扩展词表名称；Localogue 保留既有 Work Type 显示词。
VR作品,approved,workType:vr,,legacy-localogue,V1-24 以前的 Work Type 显示词，保留为稳定别名。
VR専用,approved,workType:vr,,fanza,FANZA 2026-03-20 provider snapshot exact routing.
Waitress,approved,genre:waitress,,localogue-community-data,Community genre_000088 (role) 精确名称。
Wedding Dress,approved,genre:wedding_dress,,localogue-community-data,Community genre_000157 (wardrobe) 精确名称。
White Performer,approved,genre:white_performer,,localogue-community-data,Community genre_000132 (role) 精确名称。
Widow,approved,genre:widow,,localogue-community-data,Community genre_000104 (role) 精确名称。
Workplace Setting,approved,genre:workplace_setting,,localogue-community-data,Community genre_000028 (theme) 精确名称。
Young Lady,approved,genre:young_lady,,localogue-community-data,Community genre_000110 (role) 精确名称。
Young Wife,approved,genre:young_wife,,localogue-community-data,Community genre_000103 (role) 精确名称。
Younger Sister,approved,genre:younger_sister,,localogue-community-data,Community genre_000108 (role) 精确名称。
Yukata,approved,genre:yukata,,localogue-community-data,Community genre_000154 (wardrobe) 精确名称。
いたずら,approved,genre:prank,,localogue-community-data,Community genre_000058 (theme) 精确名称。
おもちゃ,approved,genre:sex_toys,,metatube-356-20240608|metatube-jp-zh-20250329|metatube-reference,
お姉さん,approved,genre:older_sister,,metatube-356-20240608|metatube-jp-zh-20250329|metatube-reference,
お姫様,approved,genre:princess,,localogue-community-data,Community genre_000122 (role) 精确名称。
お嬢様,approved,genre:young_lady,,localogue-community-data,Community genre_000110 (role) 精确名称。
お母さん,approved,genre:mother,,metatube-356-20240608|metatube-jp-zh-20250329|metatube-reference,
お爺ちゃん,approved,genre:older_man,,metatube-356-20240608|metatube-jp-zh-20250329|metatube-reference,
お風呂,approved,genre:bath,,metatube-356-20240608|metatube-jp-zh-20250329|metatube-reference,
くノ一,approved,genre:kunoichi,,localogue-community-data,Community genre_000120 (role) 精确名称。
ごっくん,approved,genre:cum_swallowing,,localogue-community-data,Community genre_000223 (act) 精确名称。
その他フェチ,approved,genre:fetish,,metatube-356-20240608|metatube-jp-zh-20250329|metatube-reference,
その他学生,approved,genre:student,,metatube-356-20240608|metatube-jp-zh-20250329|metatube-reference,
ぶっかけ,approved,genre:bukkake,,localogue-community-data,Community genre_000222 (act) 精确名称。
ぽっちゃり,approved,genre:chubby,,localogue-community-data,Community genre_000190 (body) 精确名称。
めがね,approved,genre:glasses,,metatube-356-20240608|metatube-jp-zh-20250329|metatube-reference,
アイドル,approved,genre:idol,,localogue-community-data,Community genre_000071 (role) 精确名称。
アクメ,approved,genre:orgasm,,metatube-356-20240608|metatube-reference,
アジア,approved,sourceOnly:region_asia,,localogue-vocabulary|metatube-356-20240608|metatube-jp-zh-20250329|metatube-reference,
アジア女優,approved,genre:asian_performer,,metatube-356-20240608|metatube-jp-zh-20250329|metatube-reference,
アジア系出演者,approved,genre:asian_performer,,localogue-community-data,Community genre_000130 (role) 精确名称。
アダルト,approved,sourceOnly:generic_adult,,localogue-vocabulary|metatube-356-20240608|metatube-reference,
アダルトアニメ,approved,workType:adult_animation,,metatube-356-20240608|metatube-jp-zh-20250329|metatube-reference,
アナル,approved,genre:anal,,localogue-community-data,Community genre_000217 (act) 精确名称。
アニメコスプレ,approved,genre:anime_cosplay,,localogue-community-data,Community genre_000159 (wardrobe) 精确名称。
イタズラ,approved,genre:prank,,metatube-356-20240608|metatube-jp-zh-20250329|metatube-reference,
イメージビデオ,approved,workType:image_video,,localogue-community-data,Community genre_000275 (production) 精确名称。
イラマチオ,approved,genre:deep_throat,,localogue-community-data,Community genre_000206 (act) 精确名称。
インストラクター,approved,genre:instructor,,metatube-356-20240608|metatube-jp-zh-20250329|metatube-reference,
インタビュー,approved,workType:interview,,localogue-community-data,Community genre_000289 (production) 精确名称。
インディーズ,approved,workType:independent_production,,metatube-356-20240608|metatube-jp-zh-20250329|metatube-reference,
ウェイトレス,approved,genre:waitress,,localogue-community-data,Community genre_000088 (role) 精确名称。
ウェディングドレス,approved,genre:wedding_dress,,localogue-community-data,Community genre_000157 (wardrobe) 精确名称。
エステ,approved,genre:beauty_treatment,,localogue-community-data,Community genre_000030 (theme) 精确名称。
エステティシャン,approved,genre:esthetician,,localogue-community-data,Community genre_000096 (role) 精确名称。
エプロン,approved,genre:apron,,localogue-community-data,Community genre_000148 (wardrobe) 精确名称。
オイル,approved,genre:oil_play,,localogue-community-data,Community genre_000236 (act) 精确名称。
オナニー,approved,genre:masturbation,,legacy-localogue|metatube-356-20240608|metatube-jp-zh-20250329|metatube-reference,V1-24 以前的 Localogue Canonical 显示词，保留为稳定别名。
オムニバス,approved,workType:omnibus,,localogue-community-data,Community genre_000281 (production) 精确名称。
オモチャ,approved,genre:sex_toys,,metatube-356-20240608|metatube-reference,
オリジナル作品,approved,workType:original_work,,localogue-community-data,Community genre_000277 (production) 精确名称。
オーガズム,approved,genre:orgasm,,metatube-356-20240608|metatube-reference,
カップル,approved,genre:couple,,metatube-356-20240608|metatube-jp-zh-20250329|metatube-reference,
カルチャー,approved,sourceOnly:generic_culture,,localogue-vocabulary|metatube-356-20240608|metatube-jp-zh-20250329|metatube-reference,
カーセックス,approved,genre:car_sex,,localogue-community-data,Community genre_000252 (practice) 精确名称。
キス,approved,genre:kissing,,localogue-community-data,Community genre_000203 (act) 精确名称。 Community/扩展词表名称；Localogue 保留既有 Canonical 显示词。
キス・接吻,approved,genre:kissing,,legacy-localogue|metatube-356-20240608|metatube-jp-zh-20250329|metatube-reference,V1-24 以前的 Localogue Canonical 显示词，保留为稳定别名。
キャラクター,approved,sourceOnly:taxonomy_section_role,,localogue-vocabulary,
ギャル,approved,genre:gyaru,,localogue-community-data,Community genre_000113 (role) 精确名称。
ギリモザ,approved,workType:light_mosaic,,metatube-356-20240608|metatube-jp-zh-20250329|metatube-reference,
クロマキー,approved,sourceOnly:technical_chroma_key,,localogue-vocabulary|metatube-356-20240608|metatube-jp-zh-20250329|metatube-reference,
クンニ,approved,genre:cunnilingus,,localogue-community-data,Community genre_000207 (act) 精确名称。
グラビア,approved,workType:gravure,,metatube-356-20240608|metatube-jp-zh-20250329|metatube-reference,
グラビアアイドル,approved,genre:gravure_idol,,localogue-community-data,Community genre_000076 (role) 精确名称。
ゲイ,approved,genre:gay,,localogue-community-data,Community genre_000269 (practice) 精确名称。
コスチューム,approved,sourceOnly:taxonomy_section_wardrobe,,localogue-vocabulary,
コスプレ,approved,genre:cosplay,,localogue-community-data,Community genre_000158 (wardrobe) 精确名称。
コスプレ衣装,approved,genre:cosplay,,metatube-356-20240608|metatube-jp-zh-20250329|metatube-reference,
コメディ,approved,genre:comedy,,localogue-community-data,Community genre_000018 (theme) 精确名称。
コメディー,approved,genre:comedy,,metatube-356-20240608|metatube-jp-zh-20250329|metatube-reference,
ゴスロリ,approved,genre:gothic_lolita,,localogue-community-data,Community genre_000162 (wardrobe) 精确名称。
サイコ、スリラー,review-required,,genre:psychological|genre:thriller,metatube-356-20240608|metatube-jp-zh-20250329|metatube-reference,来源把多个语义合并为一个分类桶；保留为审核候选，不自动同时写入多个 Canonical。 来源将多个语义合并为一个分类桶；不得自动同时写入多个 Canonical，进入人工审核。
サスペンス,approved,genre:suspense,,localogue-community-data,Community genre_000019 (theme) 精确名称。
サンプル動画,approved,sourceOnly:provider_sample_video,,localogue-vocabulary|metatube-356-20240608|metatube-reference,
シスター,approved,genre:nun,,localogue-community-data,Community genre_000101 (role) 精确名称。
シックスナイン,approved,genre:sixty_nine,,metatube-356-20240608|metatube-jp-zh-20250329|metatube-reference,
シミュレーション,approved,workType:simulation,,metatube-356-20240608|metatube-jp-zh-20250329|metatube-reference,
ショタ,approved,sourceOnly:age_coded_shotacon,,localogue-vocabulary|metatube-356-20240608|metatube-jp-zh-20250329|metatube-reference,
シリーズ作品,approved,workType:series_entry,,localogue-community-data,Community genre_000307 (production) 精确名称。
ジャンル,approved,sourceOnly:taxonomy_section_genre,,localogue-vocabulary,
スクール水着,approved,genre:school_swimsuit,,localogue-community-data,Community genre_000138 (wardrobe) 精确名称。
スチュワーデス,approved,genre:flight_attendant,,metatube-356-20240608|metatube-jp-zh-20250329|metatube-reference,
ストッキング,approved,genre:stockings,,localogue-community-data,Community genre_000166 (wardrobe) 精确名称。
ストリーミング,approved,sourceOnly:media_streaming,,localogue-community-data|localogue-vocabulary,Community genre_000315 (media) 精确名称。
スポーツ,approved,genre:sports,,localogue-community-data,Community genre_000032 (theme) 精确名称。
スレンダー,approved,genre:slender,,localogue-community-data,Community genre_000189 (body) 精确名称。
スーツ,approved,genre:suit,,localogue-community-data,Community genre_000152 (wardrobe) 精确名称。
セクシー,approved,sourceOnly:generic_sexy,,localogue-vocabulary|metatube-356-20240608|metatube-jp-zh-20250329|metatube-reference,
セックスプレイ,approved,sourceOnly:taxonomy_section_practice,,localogue-vocabulary,
セックス行為,approved,sourceOnly:taxonomy_section_act,,localogue-vocabulary,
セーラー服,approved,genre:sailor_uniform,,localogue-community-data,Community genre_000134 (wardrobe) 精确名称。
タイトスカート,approved,genre:pencil_skirt,,localogue-community-data,Community genre_000165 (wardrobe) 精确名称。
タッチタイピング,approved,sourceOnly:technical_touch_typing,,localogue-vocabulary|metatube-356-20240608|metatube-jp-zh-20250329|metatube-reference,
タレント,approved,genre:celebrity,,metatube-356-20240608|metatube-jp-zh-20250329|metatube-reference,
ダウンロード,approved,sourceOnly:media_download,,localogue-community-data|localogue-vocabulary,Community genre_000316 (media) 精确名称。
ダンス,approved,genre:dance,,localogue-community-data,Community genre_000033 (theme) 精确名称。
チャイナドレス,approved,genre:cheongsam,,localogue-community-data,Community genre_000156 (wardrobe) 精确名称。
ディルド,approved,genre:dildo,,localogue-community-data,Community genre_000258 (practice) 精确名称。
ディープキス,approved,genre:deep_kissing,,localogue-community-data,Community genre_000204 (act) 精确名称。
デジモ,approved,workType:digital_mosaic,,fanza,FANZA 2026-03-20 provider snapshot exact routing.
デビュー作,approved,sourceOnly:lifecycle_debut,,localogue-community-data|localogue-vocabulary,Community genre_000006 (theme) 精确名称。
デビュー作品,approved,sourceOnly:lifecycle_debut,,localogue-vocabulary|metatube-356-20240608|metatube-jp-zh-20250329|metatube-reference,
トランスジェンダー女性,approved,genre:transgender_woman,,localogue-community-data,Community genre_000126 (role) 精确名称。
ドキュメンタリー,approved,genre:documentary,,localogue-community-data,Community genre_000015 (theme) 精确名称。
ドキュメンタリー作品,approved,workType:documentary_production,,localogue-community-data,Community genre_000288 (production) 精确名称。
ドキュメント,approved,genre:documentary,,metatube-356-20240608|metatube-jp-zh-20250329|metatube-reference,
ドラッグ,approved,sourceOnly:content_drug,,localogue-vocabulary|metatube-356-20240608|metatube-jp-zh-20250329|metatube-reference,
ドラマ,approved,genre:drama,,localogue-community-data,Community genre_000014 (theme) 精确名称。
ドラマ作品,approved,workType:drama_production,,localogue-community-data,Community genre_000287 (production) 精确名称。
ナンパ,approved,genre:pickup,,localogue-community-data,Community genre_000052 (theme) 精确名称。
ナンパもの,approved,genre:pickup_production,,localogue-community-data,Community genre_000266 (practice) 精确名称。
ナース,approved,genre:nurse,,metatube-reference,
ナース服,approved,genre:nurse_outfit,,localogue-community-data,Community genre_000150 (wardrobe) 精确名称。
ニューハーフ,approved,genre:transgender_woman,,metatube-356-20240608|metatube-jp-zh-20250329|metatube-reference,
ニーソックス,approved,genre:thigh_high_socks,,metatube-356-20240608|metatube-jp-zh-20250329|metatube-reference,
ニーハイ,approved,genre:thigh_high_socks,,localogue-community-data,Community genre_000168 (wardrobe) 精确名称。
ネグリジェ,approved,genre:negligee,,localogue-community-data,Community genre_000146 (wardrobe) 精确名称。
ネコミミ,approved,genre:cat_ears,,metatube-356-20240608|metatube-jp-zh-20250329|metatube-reference,
ノーマル,approved,sourceOnly:generic_normal,,localogue-vocabulary|metatube-356-20240608|metatube-jp-zh-20250329|metatube-reference,
ハイヒール,approved,genre:high_heels,,localogue-community-data,Community genre_000171 (wardrobe) 精确名称。
ハイビジョン,approved,sourceOnly:media_hd,,localogue-vocabulary|metatube-jp-zh-20250329|metatube-reference,
ハットタイプ,approved,genre:hat,,metatube-356-20240608|metatube-jp-zh-20250329|metatube-reference,
ハメ撮り,approved,genre:pov_recording,,localogue-community-data,Community genre_000070 (theme) 精确名称。 Community genre_000265 (practice) 精确名称。
バイセクシュアル,approved,genre:bisexual,,localogue-community-data,Community genre_000270 (practice) 精确名称。
バイブ,approved,genre:vibrator,,localogue-community-data,Community genre_000257 (practice) 精确名称。
バニーガール,approved,genre:bunny_girl,,localogue-community-data,Community genre_000160 (wardrobe) 精确名称。
パイズリ,approved,genre:titjob,,localogue-community-data,Community genre_000210 (act) 精确名称。
パイパン,approved,genre:hairless,,localogue-community-data,Community genre_000199 (body) 精确名称。
パロディ,approved,genre:parody,,localogue-community-data,Community genre_000023 (theme) 精确名称。
パンスト,approved,genre:pantyhose,,localogue-community-data,Community genre_000167 (wardrobe) 精确名称。
パンティ,approved,genre:panties,,localogue-community-data,Community genre_000144 (wardrobe) 精确名称。
ビキニ,approved,genre:bikini,,localogue-community-data,Community genre_000140 (wardrobe) 精确名称。
ピンク映画,approved,workType:pink_film,,localogue-community-data,Community genre_000276 (production) 精确名称。
ファンタジー,approved,genre:fantasy,,localogue-community-data,Community genre_000022 (theme) 精确名称。
ファン感謝,approved,genre:fan_appreciation,,localogue-community-data,Community genre_000010 (theme) 精确名称。
ファン感謝・訪問,approved,genre:fan_appreciation,,metatube-356-20240608|metatube-jp-zh-20250329|metatube-reference,
フィスト,approved,genre:fisting,,localogue-community-data,Community genre_000228 (act) 精确名称。
フェチ,approved,genre:fetish,,localogue-community-data,Community genre_000059 (theme) 精确名称。
フェムドム,approved,genre:femdom,,localogue-community-data,Community genre_000272 (practice) 精确名称。
フェラ,approved,genre:blowjob,,localogue-community-data,Community genre_000205 (act) 精确名称。
フランス,approved,sourceOnly:region_france,,localogue-vocabulary|metatube-356-20240608|metatube-jp-zh-20250329|metatube-reference,
フルHD,approved,sourceOnly:media_full_hd,,localogue-community-data|localogue-vocabulary,Community genre_000318 (media) 精确名称。
フルハイビジョン(FHD),approved,sourceOnly:media_full_hd,,localogue-vocabulary|metatube-356-20240608|metatube-reference,
ブラジャー,approved,genre:bra,,localogue-community-data,Community genre_000143 (wardrobe) 精确名称。
ブルマ,approved,genre:bloomers,,metatube-356-20240608|metatube-jp-zh-20250329|metatube-reference,
ブルマー,approved,genre:bloomers,,localogue-community-data,Community genre_000137 (wardrobe) 精确名称。
ブルーレイ,approved,sourceOnly:media_blu_ray,,localogue-vocabulary|metatube-reference,
ブーツ,approved,genre:boots,,localogue-community-data,Community genre_000170 (wardrobe) 精确名称。
ベスト,approved,workType:best_of,,legacy-localogue|metatube-356-20240608|metatube-reference,V1-24 以前的 Work Type 显示词，保留为稳定别名。
ベスト、総集編,review-required,,workType:best_of|workType:compilation,metatube-356-20240608|metatube-jp-zh-20250329|metatube-reference,来源把多个语义合并为一个分类桶；保留为审核候选，不自动同时写入多个 Canonical。 来源将多个语义合并为一个分类桶；不得自动同时写入多个 Canonical，进入人工审核。
ベスト盤,approved,workType:best_of,,localogue-community-data,Community genre_000280 (production) 精确名称。 Community/扩展词表名称；Localogue 保留既有 Work Type 显示词。
ベビードール,approved,genre:babydoll,,localogue-community-data,Community genre_000145 (wardrobe) 精确名称。
ホラー,approved,genre:horror,,localogue-community-data,Community genre_000020 (theme) 精确名称。
ボディタイプ,approved,sourceOnly:taxonomy_section_body,,localogue-vocabulary,
ボンテージ,approved,genre:bondage,,metatube-356-20240608|metatube-jp-zh-20250329|metatube-reference,
ボンデージ,approved,genre:bondage_wear,,localogue-community-data,Community genre_000177 (wardrobe) 精确名称。
マスク,approved,genre:mask,,localogue-community-data,Community genre_000174 (wardrobe) 精确名称。
マッサージ,approved,genre:massage,,localogue-community-data,Community genre_000235 (act) 精确名称。
ミニスカ,approved,genre:miniskirt,,metatube-356-20240608|metatube-jp-zh-20250329|metatube-reference,
ミニスカート,approved,genre:miniskirt,,localogue-community-data,Community genre_000163 (wardrobe) 精确名称。
ミニ系,approved,genre:petite,,metatube-356-20240608|metatube-jp-zh-20250329|metatube-reference,
メイド,approved,genre:maid,,localogue-community-data,Community genre_000099 (role) 精确名称。
メイド服,approved,genre:maid_outfit,,localogue-community-data,Community genre_000149 (wardrobe) 精确名称。
メディア,approved,sourceOnly:taxonomy_section_media,,localogue-vocabulary,
モザイク,approved,workType:censored,,localogue-community-data,Community genre_000299 (production) 精确名称。
モデル,approved,genre:model,,localogue-community-data,Community genre_000075 (role) 精确名称。
ラブコメ,approved,genre:romantic_comedy,,localogue-community-data,Community genre_000017 (theme) 精确名称。
ラブストーリー,approved,genre:romance,,metatube-356-20240608|metatube-jp-zh-20250329|metatube-reference,
ラブロマンス,approved,genre:romance,,metatube-356-20240608|metatube-jp-zh-20250329|metatube-reference,
ランジェリー,approved,genre:lingerie,,metatube-356-20240608|metatube-jp-zh-20250329|metatube-reference,
リマスター,approved,workType:remastered,,localogue-community-data,Community genre_000303 (production) 精确名称。
ルーズソックス,approved,genre:loose_socks,,localogue-community-data,Community genre_000169 (wardrobe) 精确名称。
レオタード,approved,genre:leotard,,localogue-community-data,Community genre_000176 (wardrobe) 精确名称。
レズ,approved,genre:lesbian,,legacy-localogue|metatube-356-20240608|metatube-jp-zh-20250329|metatube-reference,V1-24 以前的 Localogue Canonical 显示词，保留为稳定别名。
レズビアン,approved,genre:lesbian,,localogue-community-data,Community genre_000268 (practice) 精确名称。 Community/扩展词表名称；Localogue 保留既有 Canonical 显示词。
ロリ系,approved,sourceOnly:age_coded_loli_style,,localogue-vocabulary|metatube-356-20240608|metatube-jp-zh-20250329|metatube-reference,
ロングブーツ,approved,genre:boots,,metatube-356-20240608|metatube-jp-zh-20250329|metatube-reference,
ローション,approved,genre:lotion_play,,localogue-community-data,Community genre_000234 (act) 精确名称。
ローター,approved,genre:bullet_vibrator,,localogue-community-data,Community genre_000259 (practice) 精确名称。
三人性行为,approved,genre:threesome,,localogue-community-data,Community genre_000230 (act) 精确名称。
下着,approved,genre:lingerie,,localogue-community-data,Community genre_000142 (wardrobe) 精确名称。
不倫,approved,genre:infidelity,,localogue-community-data,Community genre_000046 (theme) 精确名称。
丝袜,approved,genre:stockings,,localogue-community-data,Community genre_000166 (wardrobe) 精确名称。
丧服,approved,genre:mourning_dress,,localogue-community-data,Community genre_000155 (wardrobe) 精确名称。
中出し,approved,genre:creampie,,localogue-community-data,Community genre_000218 (act) 精确名称。
丰满,approved,genre:chubby,,localogue-community-data,Community genre_000190 (body) 精确名称。
主动女性,approved,genre:seductress,,localogue-community-data,Community genre_000241 (act) 精确名称。
主観,approved,genre:pov,,localogue-community-data,Community genre_000069 (theme) 精确名称。
主観映像,approved,workType:pov_video,,localogue-community-data,Community genre_000286 (production) 精确名称。
主观视角,approved,genre:pov,,localogue-community-data,Community genre_000069 (theme) 精确名称。
主观视角影像,approved,workType:pov_video,,localogue-community-data,Community genre_000286 (production) 精确名称。
主題,approved,sourceOnly:taxonomy_section_theme,,localogue-vocabulary,
主题,approved,sourceOnly:taxonomy_section_theme,,localogue-vocabulary,
乱交,approved,genre:orgy,,localogue-community-data,Community genre_000231 (act) 精确名称。
乳フェチ,approved,genre:breast_fetish,,localogue-community-data,Community genre_000062 (theme) 精确名称。
乳交,approved,genre:titjob,,localogue-community-data,Community genre_000210 (act) 精确名称。
乳头刺激,approved,genre:nipple_stimulation,,localogue-community-data,Community genre_000237 (act) 精确名称。
乳房偏好,approved,genre:breast_fetish,,localogue-community-data,Community genre_000062 (theme) 精确名称。
乳揉み,approved,genre:breast_fondling,,localogue-community-data,Community genre_000238 (act) 精确名称。
乳首責め,approved,genre:nipple_stimulation,,localogue-community-data,Community genre_000237 (act) 精确名称。
亚洲,approved,sourceOnly:region_asia,,localogue-vocabulary,
亚洲演员,approved,genre:asian_performer,,localogue-community-data,Community genre_000130 (role) 精确名称。
人妻,approved,genre:married_woman,,localogue-community-data,Community genre_000002 (theme) 精确名称。 Community genre_000117 (role) 精确名称。
人妻角色,approved,genre:married_woman,,localogue-community-data,Community genre_000117 (role) 精确名称。
令嬢,approved,genre:heiress,,localogue-community-data,Community genre_000111 (role) 精确名称。
仿真阳具,approved,genre:dildo,,localogue-community-data,Community genre_000258 (practice) 精确名称。
企划作品,approved,workType:concept_work,,localogue-community-data,Community genre_000012 (theme) 精确名称。
企画,approved,workType:concept_work,,metatube-356-20240608|metatube-jp-zh-20250329|metatube-reference,
企画作品,approved,workType:concept_work,,localogue-community-data,Community genre_000012 (theme) 精确名称。
传教士体位,approved,genre:missionary,,localogue-community-data,Community genre_000213 (act) 精确名称。
伪娘,approved,genre:feminine_boy,,localogue-community-data,Community genre_000125 (role) 精确名称。
体内射精,approved,genre:creampie,,localogue-community-data,Community genre_000218 (act) 精确名称。 Community/扩展词表名称；Localogue 保留既有 Canonical 显示词。
体型分类,approved,sourceOnly:taxonomy_section_body,,localogue-vocabulary,
体操着,approved,genre:gym_clothes,,localogue-community-data,Community genre_000136 (wardrobe) 精确名称。
体操着・ブルマ,review-required,,genre:bloomers|genre:gym_clothes,metatube-356-20240608|metatube-reference,来源将多个语义合并为一个分类桶；不得自动同时写入多个 Canonical，进入人工审核。
体毛浓密,approved,genre:hairy,,localogue-community-data,Community genre_000200 (body) 精确名称。
作品类别,approved,sourceOnly:taxonomy_section_genre,,localogue-vocabulary,
修女,approved,genre:nun,,localogue-community-data,Community genre_000101 (role) 精确名称。
偶像,approved,genre:idol,,localogue-community-data,Community genre_000071 (role) 精确名称。
偷拍题材,approved,genre:hidden_camera,,localogue-community-data,Community genre_000054 (theme) 精确名称。
偷拍风格,approved,genre:hidden_camera_style,,localogue-community-data,Community genre_000264 (practice) 精确名称。
偷窥,approved,genre:voyeurism,,legacy-localogue,V1-24 以前的 Localogue Canonical 显示词，保留为稳定别名。
偷窥题材,approved,genre:voyeurism,,localogue-community-data,Community genre_000055 (theme) 精确名称。 Community/扩展词表名称；Localogue 保留既有 Canonical 显示词。
催情药设定,approved,genre:aphrodisiac_theme,,localogue-community-data,Community genre_000261 (practice) 精确名称。
催眠,approved,genre:hypnosis,,localogue-community-data,Community genre_000037 (theme) 精确名称。
催眠プレイ,approved,genre:hypnosis_play,,localogue-community-data,Community genre_000263 (practice) 精确名称。
催眠玩法,approved,genre:hypnosis_play,,localogue-community-data,Community genre_000263 (practice) 精确名称。
先生,approved,genre:teacher,,localogue-community-data,Community genre_000080 (role) 精确名称。
兔女郎,approved,genre:bunny_girl,,localogue-community-data,Community genre_000160 (wardrobe) 精确名称。
入れ替わり,approved,genre:body_swap,,localogue-community-data,Community genre_000036 (theme) 精确名称。
全裸,approved,genre:full_nudity,,localogue-community-data,Community genre_000067 (theme) 精确名称。
全身タイツ,approved,genre:bodysuit,,localogue-community-data,Community genre_000175 (wardrobe) 精确名称。
全身紧身衣,approved,genre:bodysuit,,localogue-community-data,Community genre_000175 (wardrobe) 精确名称。
全高清,approved,sourceOnly:media_full_hd,,localogue-community-data|localogue-vocabulary,Community genre_000318 (media) 精确名称。
公主,approved,genre:princess,,localogue-community-data,Community genre_000122 (role) 精确名称。
公开暴露,approved,genre:public_exposure,,localogue-community-data,Community genre_000056 (theme) 精确名称。
共演,approved,workType:co_starring,,localogue-community-data,Community genre_000013 (theme) 精确名称。
共演作品,approved,workType:co_starring,,legacy-localogue|localogue-community-data,V1-24 以前的 Work Type 显示词，保留为稳定别名。 Community genre_000283 (production) 精确名称。
内射,approved,genre:creampie,,legacy-localogue,V1-24 以前的 Localogue Canonical 显示词，保留为稳定别名。
内衣,approved,genre:lingerie,,localogue-community-data,Community genre_000142 (wardrobe) 精确名称。
内裤,approved,genre:panties,,localogue-community-data,Community genre_000144 (wardrobe) 精确名称。
写真偶像,approved,genre:gravure_idol,,localogue-community-data,Community genre_000076 (role) 精确名称。
写真影像,approved,workType:image_video,,localogue-community-data,Community genre_000275 (production) 精确名称。
凌辱,approved,genre:abuse,,legacy-localogue|metatube-356-20240608|metatube-jp-zh-20250329,V1-24 以前的 Localogue Canonical 显示词，保留为稳定别名。
出轨,approved,genre:cheating,,localogue-community-data,Community genre_000049 (theme) 精确名称。
出道作,approved,sourceOnly:lifecycle_debut,,localogue-community-data|localogue-vocabulary,Community genre_000006 (theme) 精确名称。
列车乘务员,approved,genre:train_conductor,,localogue-community-data,Community genre_000094 (role) 精确名称。
初撮り,approved,sourceOnly:lifecycle_first_shoot,,localogue-community-data|localogue-vocabulary,Community genre_000005 (theme) 精确名称。
制服,approved,genre:uniform,,legacy-localogue|localogue-community-data|metatube-356-20240608|metatube-jp-zh-20250329,V1-24 以前的 Localogue Canonical 显示词，保留为稳定别名。 Community genre_000133 (wardrobe) 精确名称。
前台接待,approved,genre:receptionist,,localogue-community-data,Community genre_000086 (role) 精确名称。
剛毛,approved,genre:hairy,,localogue-community-data,Community genre_000200 (body) 精确名称。
剧情,approved,genre:drama,,localogue-community-data,Community genre_000014 (theme) 精确名称。
剧情作品,approved,workType:drama_production,,localogue-community-data,Community genre_000287 (production) 精确名称。
动漫角色扮演,approved,genre:anime_cosplay,,localogue-community-data,Community genre_000159 (wardrobe) 精确名称。
匂いフェチ,approved,genre:scent_fetish,,localogue-community-data,Community genre_000064 (theme) 精确名称。
医院,approved,genre:hospital_setting,,localogue-community-data,Community genre_000031 (theme) 精确名称。
千金小姐,approved,genre:heiress,,localogue-community-data,Community genre_000111 (role) 精确名称。
半裸,approved,genre:partially_nude,,localogue-community-data,Community genre_000180 (wardrobe) 精确名称。
单体作品,approved,workType:solo,,localogue-community-data,Community genre_000011 (theme) 精确名称。 Community genre_000282 (production) 精确名称。
单元合集,approved,workType:omnibus,,legacy-localogue,V1-24 以前的 Work Type 显示词，保留为稳定别名。
単体作品,approved,workType:solo,,localogue-community-data,Community genre_000011 (theme) 精确名称。 Community genre_000282 (production) 精确名称。
历史剧,approved,genre:period_drama,,localogue-community-data,Community genre_000024 (theme) 精确名称。
原作もの,approved,workType:adaptation,,localogue-community-data,Community genre_000278 (production) 精确名称。
原作コラボ,approved,workType:adaptation,,metatube-356-20240608|metatube-jp-zh-20250329|metatube-reference,
原创作品,approved,workType:original_work,,localogue-community-data,Community genre_000277 (production) 精确名称。
友情,approved,genre:friends,,metatube-356-20240608|metatube-jp-zh-20250329|metatube-reference,
友達,approved,genre:friends,,localogue-community-data,Community genre_000042 (theme) 精确名称。
双性恋题材,approved,genre:bisexual,,localogue-community-data,Community genre_000270 (practice) 精确名称。
受付嬢,approved,genre:receptionist,,localogue-community-data,Community genre_000086 (role) 精确名称。
变身,approved,genre:transformation,,localogue-community-data,Community genre_000039 (theme) 精确名称。
口交,approved,genre:blowjob,,localogue-community-data,Community genre_000205 (act) 精确名称。
口内射精,approved,genre:oral_ejaculation,,localogue-community-data,Community genre_000220 (act) 精确名称。
口内発射,approved,genre:oral_ejaculation,,localogue-community-data,Community genre_000220 (act) 精确名称。
口罩,approved,genre:mask,,localogue-community-data,Community genre_000174 (wardrobe) 精确名称。
合辑,approved,workType:compilation,,legacy-localogue,V1-24 以前的 Work Type 显示词，保留为稳定别名。
合集,approved,workType:compilation,,localogue-community-data,Community genre_000279 (production) 精确名称。 Community/扩展词表名称；Localogue 保留既有 Work Type 显示词。
同人作品,approved,workType:doujin_work,,localogue-community-data,Community genre_000297 (production) 精确名称。
后入式,approved,genre:rear_entry,,localogue-community-data,Community genre_000214 (act) 精确名称。
吞精,review-required,,genre:cum_swallowing|genre:semen_swallowing,legacy-localogue|localogue-community-data,V1-24 以前的 Localogue Canonical 显示词，保留为稳定别名。 Community genre_000221 (act) 精确名称。
吞饮精液,approved,genre:cum_swallowing,,localogue-community-data,Community genre_000223 (act) 精确名称。 Community/扩展词表名称；Localogue 保留既有 Canonical 显示词。
含 MGS 独家附赠影像,approved,sourceOnly:provider_mgs_bonus,,localogue-vocabulary,
周年,approved,sourceOnly:lifecycle_anniversary,,localogue-vocabulary,
周年企划,approved,sourceOnly:lifecycle_anniversary,,localogue-vocabulary,
和服,approved,genre:kimono,,localogue-community-data,Community genre_000153 (wardrobe) 精确名称。
和服、喪服,review-required,,genre:kimono|genre:mourning_dress,metatube-jp-zh-20250329|metatube-reference,来源把多个语义合并为一个分类桶；保留为审核候选，不自动同时写入多个 Canonical。 来源将多个语义合并为一个分类桶；不得自动同时写入多个 Canonical，进入人工审核。
哥特萝莉,approved,genre:gothic_lolita,,localogue-community-data,Community genre_000162 (wardrobe) 精确名称。
喜剧,approved,genre:comedy,,localogue-community-data,Community genre_000018 (theme) 精确名称。
喪服,approved,genre:mourning_dress,,localogue-community-data,Community genre_000155 (wardrobe) 精确名称。
围裙,approved,genre:apron,,localogue-community-data,Community genre_000148 (wardrobe) 精确名称。
変身,approved,genre:transformation,,localogue-community-data,Community genre_000039 (theme) 精确名称。
复出作,approved,sourceOnly:lifecycle_comeback,,localogue-community-data|localogue-vocabulary,Community genre_000008 (theme) 精确名称。
外国人出演者,approved,genre:foreign_performer,,localogue-community-data,Community genre_000129 (role) 精确名称。
外国演员,approved,genre:foreign_performer,,localogue-community-data,Community genre_000129 (role) 精确名称。
多人射精,approved,genre:bukkake,,localogue-community-data,Community genre_000222 (act) 精确名称。
多人性行为,approved,genre:group_sex,,localogue-community-data,Community genre_000229 (act) 精确名称。
多种职业,approved,sourceOnly:generic_professions,,localogue-vocabulary,
多言語字幕,approved,workType:multilingual_subtitles,,localogue-community-data,Community genre_000302 (production) 精确名称。
多语言字幕,approved,workType:multilingual_subtitles,,localogue-community-data,Community genre_000302 (production) 精确名称。
大小姐,approved,genre:young_lady,,localogue-community-data,Community genre_000110 (role) 精确名称。
大量潮吹,approved,genre:heavy_squirting,,localogue-community-data,Community genre_000226 (act) 精确名称。
大量潮吹き,approved,genre:heavy_squirting,,localogue-community-data,Community genre_000226 (act) 精确名称。
夺爱,approved,genre:netori,,localogue-community-data,Community genre_000048 (theme) 精确名称。
奇幻,approved,genre:fantasy,,localogue-community-data,Community genre_000022 (theme) 精确名称。
女上位,approved,genre:cowgirl,,localogue-community-data,Community genre_000212 (act) 精确名称。 Community/扩展词表名称；Localogue 保留既有 Canonical 显示词。
女主人,approved,genre:hostess,,localogue-community-data,Community genre_000098 (role) 精确名称。
女主播,approved,genre:female_announcer,,localogue-community-data,Community genre_000073 (role) 精确名称。
女仆,approved,genre:maid,,localogue-community-data,Community genre_000099 (role) 精确名称。
女仆装,approved,genre:maid_outfit,,localogue-community-data,Community genre_000149 (wardrobe) 精确名称。
女体化,approved,genre:feminization,,localogue-community-data,Community genre_000040 (theme) 精确名称。
女優,approved,genre:actress,,localogue-community-data,Community genre_000074 (role) 精确名称。
女儿,approved,genre:daughter,,localogue-community-data,Community genre_000109 (role) 精确名称。
女医,approved,genre:female_doctor,,localogue-community-data,Community genre_000090 (role) 精确名称。
女医生,approved,genre:female_doctor,,localogue-community-data,Community genre_000090 (role) 精确名称。
女同性题材,approved,genre:lesbian,,localogue-community-data,Community genre_000268 (practice) 精确名称。
女大学生,approved,genre:female_college_student,,localogue-community-data,Community genre_000078 (role) 精确名称。
女子アナ,approved,genre:female_announcer,,localogue-community-data,Community genre_000073 (role) 精确名称。
女子大生,approved,genre:female_college_student,,localogue-community-data,Community genre_000078 (role) 精确名称。
女子校生,approved,genre:female_high_school_student,,localogue-community-data,Community genre_000079 (role) 精确名称。
女将,approved,genre:inn_proprietress,,localogue-community-data,Community genre_000097 (role) 精确名称。
女将、女主人,review-required,,genre:hostess|genre:inn_proprietress,metatube-jp-zh-20250329|metatube-reference,来源把多个语义合并为一个分类桶；保留为审核候选，不自动同时写入多个 Canonical。 来源将多个语义合并为一个分类桶；不得自动同时写入多个 Canonical，进入人工审核。
女忍者,approved,genre:kunoichi,,localogue-community-data,Community genre_000120 (role) 精确名称。
女性主导,approved,genre:femdom,,localogue-community-data,Community genre_000272 (practice) 精确名称。
女性化,approved,genre:feminization,,localogue-community-data,Community genre_000040 (theme) 精确名称。
女性向,approved,workType:for_women,,localogue-community-data,Community genre_000295 (production) 精确名称。
女性向け,approved,workType:for_women,,localogue-community-data|metatube-356-20240608|metatube-jp-zh-20250329|metatube-reference,Community genre_000295 (production) 精确名称。
女性搭讪,approved,genre:reverse_pickup,,localogue-community-data,Community genre_000051 (theme) 精确名称。
女战士,approved,genre:female_warrior,,localogue-community-data,Community genre_000119 (role) 精确名称。
女戦士,approved,genre:female_warrior,,localogue-community-data,Community genre_000119 (role) 精确名称。
女掌柜,approved,genre:inn_proprietress,,localogue-community-data,Community genre_000097 (role) 精确名称。
女教师,approved,genre:female_teacher,,localogue-community-data,Community genre_000081 (role) 精确名称。
女教師,approved,genre:female_teacher,,localogue-community-data,Community genre_000081 (role) 精确名称。
女检察官,approved,genre:female_prosecutor,,localogue-community-data,Community genre_000091 (role) 精确名称。
女検事,approved,genre:female_prosecutor,,localogue-community-data,Community genre_000091 (role) 精确名称。
女演员,approved,genre:actress,,localogue-community-data,Community genre_000074 (role) 精确名称。
女王,approved,genre:dominatrix,,localogue-community-data,Community genre_000123 (role) 精确名称。
女王様,approved,genre:dominatrix,,localogue-community-data,Community genre_000123 (role) 精确名称。 Community genre_000248 (practice) 精确名称。
女王玩法,approved,genre:dominatrix,,localogue-community-data,Community genre_000248 (practice) 精确名称。
女装,approved,genre:cross_dressing,,localogue-community-data,Community genre_000178 (wardrobe) 精确名称。
女装・男の娘,review-required,,genre:cross_dressing|genre:feminine_boy,metatube-356-20240608|metatube-jp-zh-20250329|metatube-reference,来源把多个语义合并为一个分类桶；保留为审核候选，不自动同时写入多个 Canonical。 来源将多个语义合并为一个分类桶；不得自动同时写入多个 Canonical，进入人工审核。
女高中生,approved,genre:female_high_school_student,,localogue-community-data,Community genre_000079 (role) 精确名称。
奴隶,approved,genre:slave,,localogue-community-data,Community genre_000124 (role) 精确名称。
奴隶玩法,approved,genre:slave,,localogue-community-data,Community genre_000247 (practice) 精确名称。
奴隷,approved,genre:slave,,localogue-community-data,Community genre_000124 (role) 精确名称。 Community genre_000247 (practice) 精确名称。
妊婦,approved,genre:pregnant,,localogue-community-data,Community genre_000198 (body) 精确名称。
妹,approved,genre:younger_sister,,localogue-community-data,Community genre_000108 (role) 精确名称。
妹妹,approved,genre:younger_sister,,localogue-community-data,Community genre_000108 (role) 精确名称。
姉,approved,genre:older_sister,,localogue-community-data,Community genre_000107 (role) 精确名称。
姐姐,approved,genre:older_sister,,localogue-community-data,Community genre_000107 (role) 精确名称。
娃娃装,approved,genre:babydoll,,localogue-community-data,Community genre_000145 (wardrobe) 精确名称。
娇小,approved,genre:petite,,localogue-community-data,Community genre_000193 (body) 精确名称。
娘,approved,genre:daughter,,localogue-community-data,Community genre_000109 (role) 精确名称。
婚外情,approved,genre:infidelity,,localogue-community-data,Community genre_000046 (theme) 精确名称。
婚纱,approved,genre:wedding_dress,,localogue-community-data,Community genre_000157 (wardrobe) 精确名称。
媒体分类,approved,sourceOnly:taxonomy_section_media,,localogue-vocabulary,
媚薬,approved,genre:aphrodisiac_theme,,localogue-community-data,Community genre_000261 (practice) 精确名称。
孕妇,approved,genre:pregnant,,localogue-community-data,Community genre_000198 (body) 精确名称。
字幕付き,approved,workType:subtitled,,localogue-community-data,Community genre_000301 (production) 精确名称。
学園もの,approved,genre:school_setting,,metatube-356-20240608|metatube-jp-zh-20250329|metatube-reference,
学校,approved,genre:school_setting,,localogue-community-data,Community genre_000027 (theme) 精确名称。
学校制服,approved,genre:school_uniform,,localogue-community-data,Community genre_000135 (wardrobe) 精确名称。
学校泳装,approved,genre:school_swimsuit,,localogue-community-data,Community genre_000138 (wardrobe) 精确名称。
学校题材,approved,genre:school_setting,,localogue-community-data,Community genre_000027 (theme) 精确名称。
学生,approved,genre:student,,localogue-community-data,Community genre_000077 (role) 精确名称。
学生服,approved,genre:school_uniform,,metatube-356-20240608|metatube-jp-zh-20250329|metatube-reference,
官能作品,approved,genre:eroticism,,metatube-356-20240608|metatube-jp-zh-20250329|metatube-reference,
客室乗務員,approved,genre:flight_attendant,,localogue-community-data,Community genre_000093 (role) 精确名称。
家庭,approved,genre:family,,localogue-community-data,Community genre_000044 (theme) 精确名称。
家庭教师,approved,genre:private_tutor,,localogue-community-data,Community genre_000082 (role) 精确名称。
家庭教師,approved,genre:private_tutor,,localogue-community-data,Community genre_000082 (role) 精确名称。
家族,approved,genre:family,,localogue-community-data,Community genre_000044 (theme) 精确名称。
寝取られ,approved,genre:netorare,,localogue-community-data,Community genre_000047 (theme) 精确名称。
寝取り,approved,genre:netori,,localogue-community-data,Community genre_000048 (theme) 精确名称。
寝取り、寝取られ,review-required,,genre:netorare|genre:netori,metatube-356-20240608|metatube-jp-zh-20250329|metatube-reference,来源把多个语义合并为一个分类桶；保留为审核候选，不自动同时写入多个 Canonical。 来源将多个语义合并为一个分类桶；不得自动同时写入多个 Canonical，进入人工审核。
寡妇,approved,genre:widow,,localogue-community-data,Community genre_000104 (role) 精确名称。
小柄,approved,genre:petite,,localogue-community-data,Community genre_000193 (body) 精确名称。
尻フェチ,approved,genre:butt_fetish,,localogue-community-data,Community genre_000063 (theme) 精确名称。
尻叩き,approved,genre:spanking,,localogue-community-data,Community genre_000239 (act) 精确名称。
局部アップ,approved,sourceOnly:technical_close_up,,localogue-vocabulary|metatube-356-20240608|metatube-jp-zh-20250329|metatube-reference,
局部特写,approved,sourceOnly:technical_close_up,,localogue-vocabulary,
屈辱,approved,genre:humiliation,,metatube-356-20240608|metatube-reference,
巨乳,approved,genre:big_bust,,legacy-localogue|localogue-community-data|metatube-356-20240608|metatube-jp-zh-20250329,V1-24 以前的 Localogue Canonical 显示词，保留为稳定别名。 Community genre_000181 (body) 精确名称。
巨乳フェチ,approved,genre:breast_fetish,,metatube-356-20240608|metatube-jp-zh-20250329|metatube-reference,
巨尻,approved,genre:big_butt,,localogue-community-data,Community genre_000187 (body) 精确名称。
巨臀,approved,genre:big_butt,,localogue-community-data,Community genre_000187 (body) 精确名称。
巫女,approved,genre:shrine_maiden,,localogue-community-data,Community genre_000100 (role) 精确名称。
已婚女性,approved,genre:married_woman,,localogue-community-data,Community genre_000002 (theme) 精确名称。 Community/扩展词表名称；Localogue 保留既有 Canonical 显示词。
带字幕,approved,workType:subtitled,,localogue-community-data,Community genre_000301 (production) 精确名称。
帽子,approved,genre:hat,,localogue-community-data,Community genre_000173 (wardrobe) 精确名称。
年轻妻子,approved,genre:young_wife,,localogue-community-data,Community genre_000103 (role) 精确名称。
幼なじみ,approved,genre:childhood_friend,,localogue-community-data,Community genre_000043 (theme) 精确名称。 Community genre_000112 (role) 精确名称。
幼态系,approved,sourceOnly:age_coded_loli_style,,localogue-vocabulary,
店员,approved,genre:shop_clerk,,localogue-community-data,Community genre_000087 (role) 精确名称。
店員,approved,genre:shop_clerk,,localogue-community-data,Community genre_000087 (role) 精确名称。
异物插入,approved,genre:object_insertion,,localogue-community-data,Community genre_000260 (practice) 精确名称。
引退作,approved,sourceOnly:lifecycle_retirement,,localogue-community-data|localogue-vocabulary,Community genre_000007 (theme) 精确名称。
強姦,approved,genre:rape_theme,,metatube-356-20240608|metatube-jp-zh-20250329|metatube-reference,
後背位,approved,genre:rear_entry,,localogue-community-data,Community genre_000214 (act) 精确名称。
復刻版,approved,workType:reissue,,metatube-356-20240608|metatube-jp-zh-20250329|metatube-reference,
復帰作,approved,sourceOnly:lifecycle_comeback,,localogue-community-data|localogue-vocabulary,Community genre_000008 (theme) 精确名称。
微乳,approved,genre:petite_bust,,localogue-community-data,Community genre_000185 (body) 精确名称。
性感,approved,sourceOnly:generic_sexy,,localogue-vocabulary,
性転換・女体化,review-required,,genre:feminization|genre:transformation,metatube-356-20240608|metatube-jp-zh-20250329|metatube-reference,来源把多个语义合并为一个分类桶；保留为审核候选，不自动同时写入多个 Canonical。 来源将多个语义合并为一个分类桶；不得自动同时写入多个 Canonical，进入人工审核。
恋人,approved,genre:couple,,localogue-community-data,Community genre_000041 (theme) 精确名称。
恋愛,approved,genre:romance,,localogue-community-data,Community genre_000016 (theme) 精确名称。
恋愛リアリティ,approved,genre:dating_reality,,localogue-community-data,Community genre_000068 (theme) 精确名称。
恋爱,approved,genre:romance,,localogue-community-data,Community genre_000016 (theme) 精确名称。
恋爱真人秀,approved,genre:dating_reality,,localogue-community-data,Community genre_000068 (theme) 精确名称。
恋物,approved,genre:fetish,,localogue-community-data,Community genre_000059 (theme) 精确名称。
恐怖,approved,genre:horror,,localogue-community-data,Community genre_000020 (theme) 精确名称。
恶作剧,approved,genre:prank,,localogue-community-data,Community genre_000058 (theme) 精确名称。
悬疑,approved,genre:suspense,,localogue-community-data,Community genre_000019 (theme) 精确名称。
情侣,approved,genre:couple,,localogue-community-data,Community genre_000041 (theme) 精确名称。
戏仿,approved,genre:parody,,localogue-community-data,Community genre_000023 (theme) 精确名称。
成人,approved,sourceOnly:generic_adult,,localogue-vocabulary,
成人动画,approved,workType:adult_animation,,localogue-community-data,Community genre_000274 (production) 精确名称。
成人向けアニメ,approved,workType:adult_animation,,localogue-community-data,Community genre_000274 (production) 精确名称。
成人向け実写,approved,workType:adult_live_action,,localogue-community-data,Community genre_000273 (production) 精确名称。
成人向け映画,approved,workType:adult_live_action,,metatube-356-20240608|metatube-jp-zh-20250329|metatube-reference,
成人实拍,approved,workType:adult_live_action,,localogue-community-data,Community genre_000273 (production) 精确名称。
成人指定,approved,sourceOnly:rating_adults_only,,localogue-community-data|localogue-vocabulary,Community genre_000323 (rating) 精确名称。
成人玩具,approved,genre:sex_toys,,localogue-community-data,Community genre_000256 (practice) 精确名称。
成人限定,approved,sourceOnly:rating_adults_only,,localogue-community-data|localogue-vocabulary,Community genre_000323 (rating) 精确名称。
成熟体型,approved,genre:mature_figure,,localogue-community-data,Community genre_000202 (body) 精确名称。
户外,approved,genre:outdoor,,localogue-community-data,Community genre_000251 (practice) 精确名称。
手コキ,approved,genre:handjob,,localogue-community-data,Community genre_000208 (act) 精确名称。
手交,approved,genre:handjob,,localogue-community-data,Community genre_000208 (act) 精确名称。
打屁股,approved,genre:spanking,,localogue-community-data,Community genre_000239 (act) 精确名称。
投稿,approved,workType:submitted_work,,metatube-356-20240608|metatube-jp-zh-20250329|metatube-reference,
投稿作品,approved,workType:submitted_work,,localogue-community-data,Community genre_000291 (production) 精确名称。
护士,approved,genre:nurse,,localogue-community-data,Community genre_000089 (role) 精确名称。
护士服,approved,genre:nurse_outfit,,localogue-community-data,Community genre_000150 (wardrobe) 精确名称。
拘束,approved,genre:bondage,,legacy-localogue|localogue-community-data|metatube-356-20240608|metatube-jp-zh-20250329,V1-24 以前的 Localogue Canonical 显示词，保留为稳定别名。 Community genre_000245 (practice) 精确名称。 Community/扩展词表名称；Localogue 保留既有 Canonical 显示词。
拳交,approved,genre:fisting,,localogue-community-data,Community genre_000228 (act) 精确名称。
指マン,approved,genre:fingering,,metatube-356-20240608|metatube-jp-zh-20250329|metatube-reference,
指交,approved,genre:fingering,,localogue-community-data,Community genre_000227 (act) 精确名称。
指入れ,approved,genre:fingering,,localogue-community-data,Community genre_000227 (act) 精确名称。
按摩,approved,genre:massage,,localogue-community-data,Community genre_000235 (act) 精确名称。
振动棒,approved,genre:vibrator,,localogue-community-data,Community genre_000257 (practice) 精确名称。
捆绑,approved,genre:bondage,,legacy-localogue,V1-24 以前的 Localogue Canonical 显示词，保留为稳定别名。
排尿,approved,genre:urination,,localogue-community-data,Community genre_000224 (act) 精确名称。
接吻,approved,genre:kissing,,localogue-community-data,Community genre_000203 (act) 精确名称。
揉胸,approved,genre:breast_fondling,,localogue-community-data,Community genre_000238 (act) 精确名称。
搭讪,approved,genre:pickup,,localogue-community-data,Community genre_000052 (theme) 精确名称。
搭讪企划,approved,genre:pickup_production,,localogue-community-data,Community genre_000266 (practice) 精确名称。
改编作品,approved,workType:adaptation,,localogue-community-data,Community genre_000278 (production) 精确名称。
放尿,approved,genre:urination,,localogue-community-data,Community genre_000224 (act) 精确名称。
教学,approved,workType:instructional,,localogue-community-data,Community genre_000290 (production) 精确名称。
教师,approved,genre:teacher,,localogue-community-data,Community genre_000080 (role) 精确名称。
数字下载,approved,sourceOnly:media_download,,localogue-community-data|localogue-vocabulary,Community genre_000316 (media) 精确名称。
数字发行,approved,sourceOnly:media_digital_distribution,,localogue-community-data|localogue-vocabulary,Community genre_000314 (media) 精确名称。
文化,approved,sourceOnly:generic_culture,,localogue-vocabulary,
新娘,approved,genre:bride,,localogue-community-data,Community genre_000102 (role) 精确名称。
旅行,approved,genre:travel,,localogue-community-data,Community genre_000025 (theme) 精确名称。
旗袍,approved,genre:cheongsam,,localogue-community-data,Community genre_000156 (wardrobe) 精确名称。
无码,approved,workType:uncensored,,localogue-community-data,Community genre_000298 (production) 精确名称。
无阴毛,approved,genre:hairless,,localogue-community-data,Community genre_000199 (body) 精确名称。
日焼け,approved,genre:tanned,,localogue-community-data,Community genre_000066 (theme) 精确名称。 Community genre_000195 (body) 精确名称。
时间停止,approved,genre:time_stop,,localogue-community-data,Community genre_000034 (theme) 精确名称。
時代劇,approved,genre:period_drama,,localogue-community-data,Community genre_000024 (theme) 精确名称。
時間停止,approved,genre:time_stop,,localogue-community-data,Community genre_000034 (theme) 精确名称。
晒黑,approved,genre:tanned,,localogue-community-data,Community genre_000066 (theme) 精确名称。
晒黑肤色,approved,genre:tanned,,localogue-community-data,Community genre_000195 (body) 精确名称。
普通,approved,sourceOnly:generic_normal,,localogue-vocabulary,
有码,approved,workType:censored,,localogue-community-data,Community genre_000299 (production) 精确名称。
朋友,approved,genre:friends,,localogue-community-data,Community genre_000042 (theme) 精确名称。
服务员,approved,genre:waitress,,localogue-community-data,Community genre_000088 (role) 精确名称。
服装分类,approved,sourceOnly:taxonomy_section_wardrobe,,localogue-vocabulary,
未亡人,approved,genre:widow,,localogue-community-data,Community genre_000104 (role) 精确名称。
束缚装,approved,genre:bondage_wear,,localogue-community-data,Community genre_000177 (wardrobe) 精确名称。
标清,approved,sourceOnly:media_sd,,localogue-community-data|localogue-vocabulary,Community genre_000320 (media) 精确名称。
校服,approved,genre:school_uniform,,localogue-community-data,Community genre_000135 (wardrobe) 精确名称。
样片,approved,sourceOnly:provider_sample_video,,localogue-vocabulary,
格斗家,approved,genre:martial_artist,,localogue-community-data,Community genre_000121 (role) 精确名称。
格闘家,approved,genre:martial_artist,,localogue-community-data,Community genre_000121 (role) 精确名称。
模特,approved,genre:model,,localogue-community-data,Community genre_000075 (role) 精确名称。
正太系,approved,sourceOnly:age_coded_shotacon,,localogue-vocabulary,
正常位,approved,genre:missionary,,localogue-community-data,Community genre_000213 (act) 精确名称。
母,approved,genre:mother,,localogue-community-data,Community genre_000105 (role) 精确名称。
母亲,approved,genre:mother,,localogue-community-data,Community genre_000105 (role) 精确名称。
比基尼,approved,genre:bikini,,localogue-community-data,Community genre_000140 (wardrobe) 精确名称。
气味偏好,approved,genre:scent_fetish,,localogue-community-data,Community genre_000064 (theme) 精确名称。
水手服,approved,genre:sailor_uniform,,localogue-community-data,Community genre_000134 (wardrobe) 精确名称。
水着,approved,genre:swimsuit,,localogue-community-data,Community genre_000139 (wardrobe) 精确名称。
汗,approved,genre:sweat,,localogue-community-data,Community genre_000065 (theme) 精确名称。
汗だく,approved,genre:sweat,,metatube-356-20240608|metatube-jp-zh-20250329|metatube-reference,
汗水,approved,genre:sweat,,localogue-community-data,Community genre_000065 (theme) 精确名称。
法国,approved,sourceOnly:region_france,,localogue-vocabulary,
泡泡浴,approved,genre:bubble_bath,,localogue-community-data,Community genre_000254 (practice) 精确名称。
泡泡袜,approved,genre:loose_socks,,localogue-community-data,Community genre_000169 (wardrobe) 精确名称。
泡風呂,approved,genre:bubble_bath,,localogue-community-data,Community genre_000254 (practice) 精确名称。
泳装,approved,genre:swimsuit,,localogue-community-data,Community genre_000139 (wardrobe) 精确名称。
洋ピン,approved,workType:overseas_production,,metatube-356-20240608|metatube-jp-zh-20250329|metatube-reference,
洗脑,approved,genre:mind_control,,localogue-community-data,Community genre_000038 (theme) 精确名称。
洗脳,approved,genre:mind_control,,localogue-community-data,Community genre_000038 (theme) 精确名称。
流媒体,approved,sourceOnly:media_streaming,,localogue-community-data|localogue-vocabulary,Community genre_000315 (media) 精确名称。
浮気,approved,genre:cheating,,localogue-community-data,Community genre_000049 (theme) 精确名称。
浴室,approved,genre:bath,,localogue-community-data,Community genre_000253 (practice) 精确名称。
浴衣,approved,genre:yukata,,localogue-community-data,Community genre_000154 (wardrobe) 精确名称。
海外,approved,workType:overseas_production,,metatube-356-20240608|metatube-jp-zh-20250329|metatube-reference,
海外作品,approved,workType:overseas_production,,localogue-community-data,Community genre_000293 (production) 精确名称。
海外輸入,approved,workType:imported_work,,metatube-356-20240608|metatube-jp-zh-20250329|metatube-reference,
润滑液玩法,approved,genre:lotion_play,,localogue-community-data,Community genre_000234 (act) 精确名称。
淫乱、ハード系,review-required,,genre:seductress,metatube-356-20240608|metatube-jp-zh-20250329|metatube-reference,来源把多个语义合并为一个分类桶；保留为审核候选，不自动同时写入多个 Canonical。 来源将多个语义合并为一个分类桶；不得自动同时写入多个 Canonical，进入人工审核。
淫語,approved,genre:dirty_talk,,metatube-356-20240608|metatube-jp-zh-20250329|metatube-reference,
深吻,approved,genre:deep_kissing,,localogue-community-data,Community genre_000204 (act) 精确名称。
深喉,approved,genre:deep_throat,,localogue-community-data,Community genre_000206 (act) 精确名称。
清楚系,approved,genre:innocent_type,,localogue-community-data,Community genre_000114 (role) 精确名称。
清纯系,approved,genre:innocent_type,,localogue-community-data,Community genre_000114 (role) 精确名称。
温泉,approved,genre:hot_spring,,localogue-community-data,Community genre_000026 (theme) 精确名称。
温泉プレイ,approved,genre:hot_spring_play,,localogue-community-data,Community genre_000255 (practice) 精确名称。
温泉玩法,approved,genre:hot_spring_play,,localogue-community-data,Community genre_000255 (practice) 精确名称。
潮吹,approved,genre:squirting,,localogue-community-data,Community genre_000225 (act) 精确名称。
潮吹き,approved,genre:squirting,,localogue-community-data,Community genre_000225 (act) 精确名称。
無修正,approved,workType:uncensored,,localogue-community-data,Community genre_000298 (production) 精确名称。
熟女,approved,genre:mature,,legacy-localogue|localogue-community-data|metatube-356-20240608|metatube-jp-zh-20250329,V1-24 以前的 Localogue Canonical 显示词，保留为稳定别名。 Community genre_000003 (theme) 精确名称。 Community genre_000116 (role) 精确名称。
熟女角色,approved,genre:mature,,localogue-community-data,Community genre_000116 (role) 精确名称。
爆乳,approved,genre:very_large_bust,,localogue-community-data,Community genre_000182 (body) 精确名称。
爱情喜剧,approved,genre:romantic_comedy,,localogue-community-data,Community genre_000017 (theme) 精确名称。
独立制作,approved,workType:independent_production,,localogue-community-data,Community genre_000292 (production) 精确名称。
猫耳,approved,genre:cat_ears,,localogue-community-data,Community genre_000161 (wardrobe) 精确名称。
玩具,approved,genre:sex_toys,,localogue-community-data|metatube-356-20240608|metatube-reference,Community genre_000256 (practice) 精确名称。
玩法分类,approved,sourceOnly:taxonomy_section_practice,,localogue-vocabulary,
男の娘,approved,genre:feminine_boy,,localogue-community-data,Community genre_000125 (role) 精确名称。
男同性题材,approved,genre:gay,,localogue-community-data,Community genre_000269 (practice) 精确名称。
男女混合,approved,genre:mixed_gender,,localogue-community-data,Community genre_000271 (practice) 精确名称。
男性,approved,workType:for_men,,metatube-356-20240608|metatube-jp-zh-20250329|metatube-reference,
男性出演者,approved,genre:male_performer,,localogue-community-data,Community genre_000127 (role) 精确名称。
男性向,approved,workType:for_men,,localogue-community-data,Community genre_000296 (production) 精确名称。
男性向け,approved,workType:for_men,,localogue-community-data,Community genre_000296 (production) 精确名称。
男性潮吹,approved,genre:male_squirting,,localogue-community-data,Community genre_000242 (act) 精确名称。
男演员,approved,genre:male_performer,,localogue-community-data,Community genre_000127 (role) 精确名称。
男潮吹き,approved,genre:male_squirting,,localogue-community-data,Community genre_000242 (act) 精确名称。
異物挿入,approved,genre:object_insertion,,localogue-community-data,Community genre_000260 (practice) 精确名称。
病院,approved,genre:hospital_setting,,localogue-community-data,Community genre_000031 (theme) 精确名称。
痴女,approved,genre:seductress,,localogue-community-data,Community genre_000241 (act) 精确名称。
痴汉企划,approved,genre:groping_production,,localogue-community-data,Community genre_000267 (practice) 精确名称。
痴汉题材,approved,genre:groping_theme,,localogue-community-data,Community genre_000053 (theme) 精确名称。
痴漢,approved,genre:groping_theme,,localogue-community-data,Community genre_000053 (theme) 精确名称。
痴漢もの,approved,genre:groping_production,,localogue-community-data,Community genre_000267 (practice) 精确名称。
白人出演者,approved,genre:white_performer,,localogue-community-data,Community genre_000132 (role) 精确名称。
白人女優,approved,genre:white_performer,,metatube-356-20240608|metatube-jp-zh-20250329|metatube-reference,
白人演员,approved,genre:white_performer,,localogue-community-data,Community genre_000132 (role) 精确名称。
白皙,approved,genre:fair_skinned,,localogue-community-data,Community genre_000196 (body) 精确名称。
盗撮,approved,genre:hidden_camera,,localogue-community-data,Community genre_000054 (theme) 精确名称。
盗撮・のぞき,approved,genre:voyeurism,,legacy-localogue,V1-24 以前的 Localogue Canonical 显示词，保留为稳定别名。
盗撮風,approved,genre:hidden_camera_style,,localogue-community-data,Community genre_000264 (practice) 精确名称。
相互自慰,approved,genre:mutual_masturbation,,localogue-community-data,Community genre_000233 (act) 精确名称。
看護婦,approved,genre:nurse,,metatube-356-20240608|metatube-jp-zh-20250329|metatube-reference,
看護婦・ナース,approved,genre:nurse,,legacy-localogue,V1-24 以前的 Localogue Canonical 显示词，保留为稳定别名。
看護師,approved,genre:nurse,,localogue-community-data,Community genre_000089 (role) 精确名称。 Community/扩展词表名称；Localogue 保留既有 Canonical 显示词。
眼鏡,approved,genre:glasses,,localogue-community-data,Community genre_000172 (wardrobe) 精确名称。
眼镜,approved,genre:glasses,,localogue-community-data,Community genre_000172 (wardrobe) 精确名称。
着衣,approved,genre:clothed,,localogue-community-data,Community genre_000179 (wardrobe) 精确名称。
睡裙,approved,genre:negligee,,localogue-community-data,Community genre_000146 (wardrobe) 精确名称。
短片,approved,workType:short_form,,localogue-community-data,Community genre_000305 (production) 精确名称。
短篇合集,approved,workType:omnibus,,localogue-community-data,Community genre_000281 (production) 精确名称。 Community/扩展词表名称；Localogue 保留既有 Work Type 显示词。
短編,approved,workType:short_form,,localogue-community-data,Community genre_000305 (production) 精确名称。
科幻,approved,genre:science_fiction,,localogue-community-data,Community genre_000021 (theme) 精确名称。
秘书,approved,genre:secretary,,localogue-community-data,Community genre_000085 (role) 精确名称。
秘書,approved,genre:secretary,,localogue-community-data,Community genre_000085 (role) 精确名称。
空乘,approved,genre:flight_attendant,,localogue-community-data,Community genre_000093 (role) 精确名称。
立ちバック,approved,genre:standing_rear_entry,,localogue-community-data,Community genre_000215 (act) 精确名称。
站立后入,approved,genre:standing_rear_entry,,localogue-community-data,Community genre_000215 (act) 精确名称。
竞泳泳装,approved,genre:competition_swimsuit,,localogue-community-data,Community genre_000141 (wardrobe) 精确名称。
童顔,approved,genre:baby_faced,,localogue-community-data,Community genre_000115 (role) 精确名称。 Community genre_000201 (body) 精确名称。
童颜,approved,genre:baby_faced,,localogue-community-data,Community genre_000115 (role) 精确名称。 Community genre_000201 (body) 精确名称。
競泳水着,approved,genre:competition_swimsuit,,localogue-community-data,Community genre_000141 (wardrobe) 精确名称。
第一人称实录,approved,genre:pov_recording,,localogue-community-data,Community genre_000265 (practice) 精确名称。
第一人称拍摄,approved,genre:pov_recording,,localogue-community-data,Community genre_000070 (theme) 精确名称。
筋肉,approved,genre:muscular,,metatube-356-20240608|metatube-jp-zh-20250329|metatube-reference,
筋肉質,approved,genre:muscular,,localogue-community-data,Community genre_000194 (body) 精确名称。
粉丝感谢,approved,genre:fan_appreciation,,localogue-community-data,Community genre_000010 (theme) 精确名称。
粉红电影,approved,workType:pink_film,,localogue-community-data,Community genre_000276 (production) 精确名称。
精油按摩,approved,genre:oil_play,,localogue-community-data,Community genre_000236 (act) 精确名称。
精选集,approved,workType:best_of,,localogue-community-data,Community genre_000280 (production) 精确名称。
系列作品,approved,workType:series_entry,,localogue-community-data,Community genre_000307 (production) 精确名称。
素人,approved,genre:amateur,,legacy-localogue|localogue-community-data|metatube-356-20240608|metatube-jp-zh-20250329,V1-24 以前的 Localogue Canonical 显示词，保留为稳定别名。 Community genre_000004 (theme) 精确名称。 Community genre_000118 (role) 精确名称。
素人角色,approved,genre:amateur,,localogue-community-data,Community genre_000118 (role) 精确名称。
素股,approved,genre:intercrural_sex,,localogue-community-data,Community genre_000211 (act) 精确名称。
紧身衣,approved,genre:leotard,,localogue-community-data,Community genre_000176 (wardrobe) 精确名称。
紧身裙,approved,genre:pencil_skirt,,localogue-community-data,Community genre_000165 (wardrobe) 精确名称。
緊縛,approved,genre:kinbaku,,localogue-community-data,Community genre_000244 (practice) 精确名称。
総集編,approved,workType:compilation,,localogue-community-data|metatube-356-20240608|metatube-reference,Community genre_000279 (production) 精确名称。
縛り,approved,genre:kinbaku,,metatube-356-20240608|metatube-jp-zh-20250329|metatube-reference,
纪录片,approved,genre:documentary,,localogue-community-data,Community genre_000015 (theme) 精确名称。
纪录片作品,approved,workType:documentary_production,,localogue-community-data,Community genre_000288 (production) 精确名称。
纪念作品,approved,sourceOnly:lifecycle_anniversary,,localogue-community-data|localogue-vocabulary,Community genre_000009 (theme) 精确名称。
继母,approved,genre:stepmother,,localogue-community-data,Community genre_000106 (role) 精确名称。
绳缚,approved,genre:kinbaku,,localogue-community-data,Community genre_000244 (practice) 精确名称。
美乳,approved,genre:beautiful_breasts,,localogue-community-data,Community genre_000186 (body) 精确名称。
美发师,approved,genre:hairdresser,,localogue-community-data,Community genre_000095 (role) 精确名称。
美容师,approved,genre:esthetician,,localogue-community-data,Community genre_000096 (role) 精确名称。
美容師,approved,genre:hairdresser,,localogue-community-data,Community genre_000095 (role) 精确名称。
美容护理,approved,genre:beauty_treatment,,localogue-community-data,Community genre_000030 (theme) 精确名称。
美容院,approved,genre:beauty_salon,,localogue-community-data,Community genre_000029 (theme) 精确名称。
美少女,approved,genre:beautiful_girl,,legacy-localogue|localogue-community-data|metatube-356-20240608|metatube-jp-zh-20250329,V1-24 以前的 Localogue Canonical 显示词，保留为稳定别名。 Community genre_000001 (theme) 精确名称。
美少女ムービー,approved,genre:beautiful_girl,,metatube-356-20240608|metatube-jp-zh-20250329|metatube-reference,
美尻,approved,genre:beautiful_butt,,localogue-community-data,Community genre_000188 (body) 精确名称。
美胸,approved,genre:beautiful_breasts,,localogue-community-data,Community genre_000186 (body) 精确名称。
美脚,approved,genre:beautiful_legs,,localogue-community-data,Community genre_000197 (body) 精确名称。
美腿,approved,genre:beautiful_legs,,localogue-community-data,Community genre_000197 (body) 精确名称。
美臀,approved,genre:beautiful_butt,,localogue-community-data,Community genre_000188 (body) 精确名称。
羞恥,approved,genre:humiliation,,localogue-community-data,Community genre_000057 (theme) 精确名称。
羞恥プレイ,approved,genre:humiliation_play,,localogue-community-data,Community genre_000249 (practice) 精确名称。
羞耻,approved,genre:humiliation,,localogue-community-data,Community genre_000057 (theme) 精确名称。
羞耻玩法,approved,genre:humiliation_play,,localogue-community-data,Community genre_000249 (practice) 精确名称。
群交,approved,genre:orgy,,localogue-community-data,Community genre_000231 (act) 精确名称。
義母,approved,genre:stepmother,,localogue-community-data,Community genre_000106 (role) 精确名称。
职场女性,approved,genre:office_lady,,localogue-community-data,Community genre_000084 (role) 精确名称。 Community/扩展词表名称；Localogue 保留既有 Canonical 显示词。
职场题材,approved,genre:workplace_setting,,localogue-community-data,Community genre_000028 (theme) 精确名称。
職場,approved,genre:workplace_setting,,localogue-community-data,Community genre_000028 (theme) 精确名称。
職業色々,approved,sourceOnly:generic_professions,,localogue-vocabulary|metatube-356-20240608|metatube-jp-zh-20250329|metatube-reference,
肌肉型,approved,genre:muscular,,localogue-community-data,Community genre_000194 (body) 精确名称。
肛交,approved,genre:anal,,localogue-community-data,Community genre_000217 (act) 精确名称。
股间摩擦,approved,genre:intercrural_sex,,localogue-community-data,Community genre_000211 (act) 精确名称。
肥満,approved,genre:plus_size,,localogue-community-data,Community genre_000191 (body) 精确名称。
肥胖,approved,genre:plus_size,,localogue-community-data,Community genre_000191 (body) 精确名称。
胸罩,approved,genre:bra,,localogue-community-data,Community genre_000143 (wardrobe) 精确名称。
脚フェチ,approved,genre:leg_fetish,,localogue-community-data,Community genre_000060 (theme) 精确名称。
腿控,approved,genre:leg_fetish,,localogue-community-data,Community genre_000060 (theme) 精确名称。
膣鏡,approved,genre:speculum,,metatube-356-20240608|metatube-reference,
臀部偏好,approved,genre:butt_fetish,,localogue-community-data,Community genre_000063 (theme) 精确名称。
自主制作,approved,workType:independent_production,,localogue-community-data,Community genre_000292 (production) 精确名称。
自慰,approved,genre:masturbation,,legacy-localogue|localogue-community-data,V1-24 以前的 Localogue Canonical 显示词，保留为稳定别名。 Community genre_000232 (act) 精确名称。 Community/扩展词表名称；Localogue 保留既有 Canonical 显示词。
舔阴,approved,genre:cunnilingus,,localogue-community-data,Community genre_000207 (act) 精确名称。
舞蹈,approved,genre:dance,,localogue-community-data,Community genre_000033 (theme) 精确名称。
色白,approved,genre:fair_skinned,,localogue-community-data,Community genre_000196 (body) 精确名称。
色键,approved,sourceOnly:technical_chroma_key,,localogue-vocabulary,
艺人,approved,genre:celebrity,,localogue-community-data,Community genre_000072 (role) 精确名称。
花嫁,approved,genre:bride,,localogue-community-data,Community genre_000102 (role) 精确名称。
花嫁、若妻,review-required,,genre:bride|genre:young_wife,metatube-jp-zh-20250329|metatube-reference,来源把多个语义合并为一个分类桶；保留为审核候选，不自动同时写入多个 Canonical。 来源将多个语义合并为一个分类桶；不得自动同时写入多个 Canonical，进入人工审核。
芸能人,approved,genre:celebrity,,localogue-community-data,Community genre_000072 (role) 精确名称。
苗条,approved,genre:slender,,localogue-community-data,Community genre_000189 (body) 精确名称。
若妻,approved,genre:young_wife,,localogue-community-data,Community genre_000103 (role) 精确名称。
药物题材,approved,sourceOnly:content_drug,,localogue-vocabulary,
蓝光,approved,sourceOnly:media_blu_ray,,localogue-community-data|localogue-vocabulary,Community genre_000309 (media) 精确名称。
薄消し,approved,workType:light_mosaic,,localogue-community-data,Community genre_000300 (production) 精确名称。
薄码,approved,workType:light_mosaic,,localogue-community-data,Community genre_000300 (production) 精确名称。
行为分类,approved,sourceOnly:taxonomy_section_act,,localogue-vocabulary,
被夺爱,approved,genre:netorare,,localogue-community-data,Community genre_000047 (theme) 精确名称。
裸エプロン,approved,genre:nude_apron,,localogue-community-data,Community genre_000147 (wardrobe) 精确名称。
裸体围裙,approved,genre:nude_apron,,localogue-community-data,Community genre_000147 (wardrobe) 精确名称。
複数プレイ,approved,genre:group_sex,,localogue-community-data,Community genre_000229 (act) 精确名称。
複数話,approved,workType:multi_episode,,fanza,FANZA 2026-03-20 provider snapshot exact routing.
西装,approved,genre:suit,,localogue-community-data,Community genre_000152 (wardrobe) 精确名称。
覗き,approved,genre:voyeurism,,localogue-community-data,Community genre_000055 (theme) 精确名称。 Community/扩展词表名称；Localogue 保留既有 Canonical 显示词。
角色分类,approved,sourceOnly:taxonomy_section_role,,localogue-vocabulary,
角色扮演,approved,genre:cosplay,,localogue-community-data,Community genre_000158 (wardrobe) 精确名称。
触手,approved,genre:tentacles,,localogue-community-data,Community genre_000262 (practice) 精确名称。
触摸打字,approved,sourceOnly:technical_touch_typing,,localogue-vocabulary,
言葉責め,approved,genre:dirty_talk,,localogue-community-data,Community genre_000240 (act) 精确名称。
言语调教,approved,genre:dirty_talk,,localogue-community-data,Community genre_000240 (act) 精确名称。
記念作,approved,sourceOnly:lifecycle_anniversary,,localogue-community-data|localogue-vocabulary,Community genre_000009 (theme) 精确名称。
話題作,approved,sourceOnly:marketing_topic_work,,localogue-vocabulary|metatube-356-20240608|metatube-jp-zh-20250329|metatube-reference,
誘惑,approved,genre:seduction,,localogue-community-data,Community genre_000050 (theme) 精确名称。
調教,approved,genre:training,,localogue-community-data,Community genre_000246 (practice) 精确名称。
講師,approved,genre:instructor,,localogue-community-data,Community genre_000083 (role) 精确名称。
警察,approved,genre:police_officer,,localogue-community-data,Community genre_000092 (role) 精确名称。
警察官,approved,genre:police_officer,,localogue-community-data,Community genre_000092 (role) 精确名称。
讲师,approved,genre:instructor,,localogue-community-data,Community genre_000083 (role) 精确名称。
访谈,approved,workType:interview,,localogue-community-data,Community genre_000289 (production) 精确名称。
话题作品,approved,sourceOnly:marketing_topic_work,,localogue-vocabulary,
诱惑,approved,genre:seduction,,localogue-community-data,Community genre_000050 (theme) 精确名称。
调教,approved,genre:training,,localogue-community-data,Community genre_000246 (practice) 精确名称。
貧乳,approved,genre:small_bust,,localogue-community-data,Community genre_000184 (body) 精确名称。
貧乳・微乳,review-required,,genre:petite_bust|genre:small_bust,metatube-356-20240608|metatube-reference,来源把多个语义合并为一个分类桶；保留为审核候选，不自动同时写入多个 Canonical。 来源将多个语义合并为一个分类桶；不得自动同时写入多个 Canonical，进入人工审核。
贫乳,approved,genre:small_bust,,localogue-community-data,Community genre_000184 (body) 精确名称。
超ミニスカート,approved,genre:micro_miniskirt,,localogue-community-data,Community genre_000164 (wardrobe) 精确名称。
超乳,approved,genre:extremely_large_bust,,localogue-community-data,Community genre_000183 (body) 精确名称。
超大胸部,approved,genre:extremely_large_bust,,localogue-community-data,Community genre_000183 (body) 精确名称。
超短裙,approved,genre:micro_miniskirt,,localogue-community-data,Community genre_000164 (wardrobe) 精确名称。
趣味、教養,approved,workType:instructional,,metatube-356-20240608|metatube-jp-zh-20250329|metatube-reference,
足コキ,approved,genre:footjob,,localogue-community-data,Community genre_000209 (act) 精确名称。
足フェチ,approved,genre:foot_fetish,,localogue-community-data,Community genre_000061 (theme) 精确名称。
足交,approved,genre:footjob,,localogue-community-data,Community genre_000209 (act) 精确名称。
足控,approved,genre:foot_fetish,,localogue-community-data,Community genre_000061 (theme) 精确名称。
跨性别女性,approved,genre:transgender_woman,,localogue-community-data,Community genre_000126 (role) 精确名称。
跳蛋,approved,genre:bullet_vibrator,,localogue-community-data,Community genre_000259 (practice) 精确名称。
身份互换,approved,genre:body_swap,,localogue-community-data,Community genre_000036 (theme) 精确名称。
車掌,approved,genre:train_conductor,,localogue-community-data,Community genre_000094 (role) 精确名称。
輸入作品,approved,workType:imported_work,,localogue-community-data,Community genre_000294 (production) 精确名称。
车内性行为,approved,genre:car_sex,,localogue-community-data,Community genre_000252 (practice) 精确名称。
辣妹,approved,genre:gyaru,,localogue-community-data,Community genre_000113 (role) 精确名称。
辱め,approved,genre:humiliation,,metatube-356-20240608|metatube-reference,
过膝袜,approved,genre:thigh_high_socks,,localogue-community-data,Community genre_000168 (wardrobe) 精确名称。
运动,approved,genre:sports,,localogue-community-data,Community genre_000032 (theme) 精确名称。
运动服,approved,genre:gym_clothes,,localogue-community-data,Community genre_000136 (wardrobe) 精确名称。
运动短裤,approved,genre:bloomers,,localogue-community-data,Community genre_000137 (wardrobe) 精确名称。
近亲设定,approved,genre:incest_theme,,localogue-community-data,Community genre_000045 (theme) 精确名称。
近親相姦,approved,genre:incest_theme,,metatube-356-20240608|metatube-jp-zh-20250329|metatube-reference,
近親設定,approved,genre:incest_theme,,localogue-community-data,Community genre_000045 (theme) 精确名称。
进口作品,approved,workType:imported_work,,localogue-community-data,Community genre_000294 (production) 精确名称。
连裤袜,approved,genre:pantyhose,,localogue-community-data,Community genre_000167 (wardrobe) 精确名称。
迷你裙,approved,genre:miniskirt,,localogue-community-data,Community genre_000163 (wardrobe) 精确名称。
逆ナン,approved,genre:reverse_pickup,,localogue-community-data,Community genre_000051 (theme) 精确名称。
透明人間,approved,genre:invisible_person,,localogue-community-data,Community genre_000035 (theme) 精确名称。
配信,approved,sourceOnly:media_digital_distribution,,localogue-community-data|localogue-vocabulary,Community genre_000314 (media) 精确名称。
重制,approved,workType:remastered,,localogue-community-data,Community genre_000303 (production) 精确名称。
野外,approved,genre:outdoor,,localogue-community-data,Community genre_000251 (practice) 精确名称。
長編,approved,workType:feature_length,,localogue-community-data,Community genre_000306 (production) 精确名称。
長身,approved,genre:tall,,localogue-community-data,Community genre_000192 (body) 精确名称。
长片,approved,workType:feature_length,,localogue-community-data,Community genre_000306 (production) 精确名称。
长靴,approved,genre:boots,,localogue-community-data,Community genre_000170 (wardrobe) 精确名称。
隐形人,approved,genre:invisible_person,,localogue-community-data,Community genre_000035 (theme) 精确名称。
露出,approved,genre:public_exposure,,localogue-community-data,Community genre_000056 (theme) 精确名称。
露出プレイ,approved,genre:exhibitionism,,localogue-community-data,Community genre_000250 (practice) 精确名称。
露出玩法,approved,genre:exhibitionism,,localogue-community-data,Community genre_000250 (practice) 精确名称。
青梅竹马,approved,genre:childhood_friend,,localogue-community-data,Community genre_000043 (theme) 精确名称。 Community genre_000112 (role) 精确名称。
韓国,approved,sourceOnly:region_korea,,localogue-vocabulary|metatube-356-20240608|metatube-jp-zh-20250329|metatube-reference,
韩国,approved,sourceOnly:region_korea,,localogue-vocabulary,
顔射,approved,genre:facial,,localogue-community-data,Community genre_000219 (act) 精确名称。
颜射,approved,genre:facial,,localogue-community-data,Community genre_000219 (act) 精确名称。
風呂,approved,genre:bath,,localogue-community-data,Community genre_000253 (practice) 精确名称。
飲精,approved,genre:semen_swallowing,,localogue-community-data,Community genre_000221 (act) 精确名称。
首次拍摄,approved,sourceOnly:lifecycle_first_shoot,,localogue-community-data|localogue-vocabulary,Community genre_000005 (theme) 精确名称。
騎乗位,approved,genre:cowgirl,,localogue-community-data,Community genre_000212 (act) 精确名称。
骑乘位,approved,genre:cowgirl,,legacy-localogue,V1-24 以前的 Localogue Canonical 显示词，保留为稳定别名。
高挑,approved,genre:tall,,localogue-community-data,Community genre_000192 (body) 精确名称。
高清,approved,sourceOnly:media_hd,,localogue-community-data|localogue-vocabulary,Community genre_000319 (media) 精确名称。
高跟鞋,approved,genre:high_heels,,localogue-community-data,Community genre_000171 (wardrobe) 精确名称。
高齢男性,approved,genre:older_man,,localogue-community-data,Community genre_000128 (role) 精确名称。
高龄男性,approved,genre:older_man,,localogue-community-data,Community genre_000128 (role) 精确名称。
黑人演员,approved,genre:black_performer,,localogue-community-data,Community genre_000131 (role) 精确名称。
黒人出演者,approved,genre:black_performer,,localogue-community-data,Community genre_000131 (role) 精确名称。
黒人男優,approved,genre:black_performer,,metatube-356-20240608|metatube-jp-zh-20250329|metatube-reference,
人妻・主婦,approved,genre:married_woman,,fanza,FANZA 2026-03-20 provider snapshot exact routing.
病院・クリニック,approved,genre:hospital_setting,,fanza,FANZA 2026-03-20 provider snapshot exact routing.
若妻・幼妻,approved,genre:young_wife,,fanza,FANZA 2026-03-20 provider snapshot exact routing.
ビジネススーツ,approved,genre:suit,,fanza,FANZA 2026-03-20 provider snapshot exact routing.
覆面・マスク,approved,genre:mask,,fanza,FANZA 2026-03-20 provider snapshot exact routing.
アクション・格闘,approved,genre:fighting_action,,fanza,FANZA 2026-03-20 provider snapshot exact routing.
アニメ,approved,workType:adult_animation,,fanza,FANZA 2026-03-20 provider snapshot exact routing.
イメージビデオ（男性）,approved,workType:image_video,,fanza,FANZA 2026-03-20 provider snapshot exact routing.
ギャグ・コメディ,approved,genre:comedy,,fanza,FANZA 2026-03-20 provider snapshot exact routing.
アナルセックス,approved,genre:anal,,fanza,FANZA 2026-03-20 provider snapshot exact routing.
縛り・緊縛,approved,genre:kinbaku,,fanza,FANZA 2026-03-20 provider snapshot exact routing.
スパンキング,approved,genre:spanking,,fanza,FANZA 2026-03-20 provider snapshot exact routing.
バック,approved,genre:rear_entry,,fanza,FANZA 2026-03-20 provider snapshot exact routing.
男の潮吹き,approved,genre:male_squirting,,fanza,FANZA 2026-03-20 provider snapshot exact routing.
復刻,approved,workType:reissue,,fanza,FANZA 2026-03-20 provider snapshot exact routing.
16時間以上作品,approved,workType:over_four_hours,,fanza,FANZA 2026-03-20 provider snapshot exact routing.
その他,approved,workType:other,,fanza,FANZA 2026-03-20 provider snapshot exact routing.
ハイクオリティVR,approved,workType:vr,,fanza,FANZA 2026-03-20 provider snapshot exact routing.
スマホ推奨縦動画,approved,sourceOnly:technical_vertical_video,,fanza,FANZA 2026-03-20 provider snapshot exact routing.
セット商品,approved,sourceOnly:product_bundle,,fanza,FANZA 2026-03-20 provider snapshot exact routing.
独占配信,approved,sourceOnly:distribution_exclusive,,fanza,FANZA 2026-03-20 provider snapshot exact routing.
FANZA配信限定,approved,sourceOnly:distribution_exclusive,,fanza,FANZA 2026-03-20 provider snapshot exact routing.
すべてのセール,approved,sourceOnly:provider_marketing_campaign,,fanza,FANZA 2026-03-20 provider snapshot exact routing.
日替わりセール,approved,sourceOnly:provider_marketing_campaign,,fanza,FANZA 2026-03-20 provider snapshot exact routing.
みんなのお気に入り30％OFF第1弾,approved,sourceOnly:provider_marketing_campaign,,fanza,FANZA 2026-03-20 provider snapshot exact routing.
FANZA7周年50％OFF第9弾,approved,sourceOnly:provider_marketing_campaign,,fanza,FANZA 2026-03-20 provider snapshot exact routing.
SODグループ30％OFF第2弾,approved,sourceOnly:provider_marketing_campaign,,fanza,FANZA 2026-03-20 provider snapshot exact routing.
セレブの友他30％OFF,approved,sourceOnly:provider_marketing_campaign,,fanza,FANZA 2026-03-20 provider snapshot exact routing.
ルナティックス30％OFF,approved,sourceOnly:provider_marketing_campaign,,fanza,FANZA 2026-03-20 provider snapshot exact routing.
ブランドストア30％OFF！,approved,sourceOnly:provider_marketing_campaign,,fanza,FANZA 2026-03-20 provider snapshot exact routing.
ポイント還元,approved,sourceOnly:provider_marketing_campaign,,fanza,FANZA 2026-03-20 provider snapshot exact routing.
期間限定セール,approved,sourceOnly:provider_marketing_campaign,,fanza,FANZA 2026-03-20 provider snapshot exact routing.
セレブ,approved,genre:celebrity,,fanza,FANZA 2026-03-20 provider snapshot exact routing.
極道・任侠,approved,genre:yakuza,,fanza,FANZA 2026-03-20 provider snapshot exact routing.
白目・失神,approved,genre:fainting,,fanza,FANZA 2026-03-20 provider snapshot exact routing.
スワッピング・夫婦交換,approved,genre:partner_swapping,,fanza,FANZA 2026-03-20 provider snapshot exact routing.
ゲーム実写版,approved,genre:game_live_action,,fanza,FANZA 2026-03-20 provider snapshot exact routing.
アイドル・芸能人,review-required,,genre:idol|genre:celebrity,fanza,FANZA grouped label spans multiple canonical concepts; preserve raw term and require review.
姉・妹,review-required,,genre:older_sister|genre:younger_sister,fanza,FANZA grouped label spans multiple canonical concepts; preserve raw term and require review.
女将・女主人,review-required,,genre:inn_proprietress|genre:hostess,fanza,FANZA grouped label spans multiple canonical concepts; preserve raw term and require review.
お嬢様・令嬢,review-required,,genre:young_lady|genre:heiress,fanza,FANZA grouped label spans multiple canonical concepts; preserve raw term and require review.
キャバ嬢・風俗嬢,review-required,,genre:cabaret_hostess|genre:sex_worker,fanza,FANZA grouped label spans multiple canonical concepts; preserve raw term and require review.
寝取り・寝取られ・NTR,review-required,,genre:netori|genre:netorare,fanza,FANZA grouped label spans multiple canonical concepts; preserve raw term and require review.
部活・マネージャー,review-required,,genre:club_activity|genre:manager_role,fanza,FANZA grouped label spans multiple canonical concepts; preserve raw term and require review.
部下・同僚,review-required,,genre:subordinate|genre:colleague,fanza,FANZA grouped label spans multiple canonical concepts; preserve raw term and require review.
マッサージ・リフレ,review-required,,genre:massage|genre:reflexology,fanza,FANZA grouped label spans multiple canonical concepts; preserve raw term and require review.
娘・養女,review-required,,genre:daughter|genre:adopted_daughter,fanza,FANZA grouped label spans multiple canonical concepts; preserve raw term and require review.
台湾モデル,review-required,,genre:model|sourceOnly:region_taiwan,fanza,FANZA grouped label spans multiple canonical concepts; preserve raw term and require review.
競泳・スクール水着,review-required,,genre:competition_swimsuit|genre:school_swimsuit,fanza,FANZA grouped label spans multiple canonical concepts; preserve raw term and require review.
ネコミミ・獣系,review-required,,genre:cat_ears|genre:animal_style,fanza,FANZA grouped label spans multiple canonical concepts; preserve raw term and require review.
パンスト・タイツ,review-required,,genre:pantyhose|genre:tights,fanza,FANZA grouped label spans multiple canonical concepts; preserve raw term and require review.
和服・浴衣,review-required,,genre:kimono|genre:yukata,fanza,FANZA grouped label spans multiple canonical concepts; preserve raw term and require review.
サイコ・スリラー,review-required,,genre:psychological|genre:thriller,fanza,FANZA grouped label spans multiple canonical concepts; preserve raw term and require review.
女優ベスト・総集編,review-required,,workType:best_of|workType:compilation,fanza,FANZA grouped label spans multiple canonical concepts; preserve raw term and require review.
ベスト・総集編,review-required,,workType:best_of|workType:compilation,fanza,FANZA grouped label spans multiple canonical concepts; preserve raw term and require review.
洋ピン・海外輸入,review-required,,workType:overseas_production|workType:imported_work,fanza,FANZA grouped label spans multiple canonical concepts; preserve raw term and require review.
放尿・お漏らし,review-required,,genre:urination|genre:wetting,fanza,FANZA grouped label spans multiple canonical concepts; preserve raw term and require review.
ローション・オイル,review-required,,genre:lotion_play|genre:oil_play,fanza,FANZA grouped label spans multiple canonical concepts; preserve raw term and require review.
BL（ボーイズラブ）,approved,genre:boys_love,,fanza,FANZA label is an explicit expanded form of BL / Boys Love.
淫乱・ハード系,review-required,,genre:seductress,fanza,FANZA punctuation variant of the existing grouped label; preserve raw term and keep manual review.
中出,approved,genre:creampie,,javbus,Verified JAVBus /genre/4 label from saved YST-303 page.
其他戀物癖,approved,genre:fetish,,javbus,Verified JAVBus /genre/1y label from saved YST-303 page.
高畫質,approved,sourceOnly:media_hd,,javbus,Verified JAVBus /genre/4o label; media quality remains Source-only.
單體作品,approved,workType:solo,,javbus,Verified JAVBus /genre/f label; production shape remains Work Type.
花癡,review-required,,genre:seductress,javbus,Verified JAVBus /genre/2t label. Meaning is provider/localization-sensitive; keep review-required rather than auto-route.
